currency,in_stock,price,rating,title,external_id,url
GBP,True,49.71,5,10-Day Green Smoothie Cleanse: Lose Up to 15 Pounds in 10 Days!,10-day-green-smoothie-cleanse-lose-up-to-15-pounds-in-10-days_581,https://books.toscrape.com/catalogue/10-day-green-smoothie-cleanse-lose-up-to-15-pounds-in-10-days_581/index.html
GBP,True,24.57,2,"10% Happier: How I Tamed the Voice in My Head, Reduced Stress Without Losing My Edge, and Found Self-Help That Actually Works",10-happier-how-i-tamed-the-voice-in-my-head-reduced-stress-without-losing-my-edge-and-found-self-help-that-actually-works_582,https://books.toscrape.com/catalogue/10-happier-how-i-tamed-the-voice-in-my-head-reduced-stress-without-losing-my-edge-and-found-self-help-that-actually-works_582/index.html
GBP,True,26.08,5,"1,000 Places to See Before You Die",1000-places-to-see-before-you-die_1,https://books.toscrape.com/catalogue/1000-places-to-see-before-you-die_1/index.html
GBP,True,48.48,3,11/22/63,112263_583,https://books.toscrape.com/catalogue/112263_583/index.html
GBP,True,27.06,1,13 Hours: The Inside Account of What Really Happened In Benghazi,13-hours-the-inside-account-of-what-really-happened-in-benghazi_645,https://books.toscrape.com/catalogue/13-hours-the-inside-account-of-what-really-happened-in-benghazi_645/index.html
GBP,True,21.80,3,1491: New Revelations of the Americas Before Columbus,1491-new-revelations-of-the-americas-before-columbus_650,https://books.toscrape.com/catalogue/1491-new-revelations-of-the-americas-before-columbus_650/index.html
GBP,True,53.98,1,1st to Die (Women's Murder Club #1),1st-to-die-womens-murder-club-1_2,https://books.toscrape.com/catalogue/1st-to-die-womens-murder-club-1_2/index.html
GBP,True,35.79,2,23 Degrees South: A Tropical Tale of Changing Whether...,23-degrees-south-a-tropical-tale-of-changing-whether_556,https://books.toscrape.com/catalogue/23-degrees-south-a-tropical-tale-of-changing-whether_556/index.html
GBP,True,53.63,2,32 Yolks,32-yolks_510,https://books.toscrape.com/catalogue/32-yolks_510/index.html
GBP,True,31.04,1,8 Keys to Mental Health Through Exercise,8-keys-to-mental-health-through-exercise_114,https://books.toscrape.com/catalogue/8-keys-to-mental-health-through-exercise_114/index.html
GBP,True,55.51,1,A Brush of Wings (Angels Walking #3),a-brush-of-wings-angels-walking-3_651,https://books.toscrape.com/catalogue/a-brush-of-wings-angels-walking-3_651/index.html
GBP,True,10.79,3,A Clash of Kings (A Song of Ice and Fire #2),a-clash-of-kings-a-song-of-ice-and-fire-2_356,https://books.toscrape.com/catalogue/a-clash-of-kings-a-song-of-ice-and-fire-2_356/index.html
GBP,True,52.37,1,A Court of Thorns and Roses (A Court of Thorns and Roses #1),a-court-of-thorns-and-roses-a-court-of-thorns-and-roses-1_874,https://books.toscrape.com/catalogue/a-court-of-thorns-and-roses-a-court-of-thorns-and-roses-1_874/index.html
GBP,True,14.58,3,A Distant Mirror: The Calamitous 14th Century,a-distant-mirror-the-calamitous-14th-century_652,https://books.toscrape.com/catalogue/a-distant-mirror-the-calamitous-14th-century_652/index.html
GBP,True,17.21,4,A Feast for Crows (A Song of Ice and Fire #4),a-feast-for-crows-a-song-of-ice-and-fire-4_357,https://books.toscrape.com/catalogue/a-feast-for-crows-a-song-of-ice-and-fire-4_357/index.html
GBP,True,28.13,4,A Fierce and Subtle Poison,a-fierce-and-subtle-poison_875,https://books.toscrape.com/catalogue/a-fierce-and-subtle-poison_875/index.html
GBP,True,55.53,5,A Flight of Arrows (The Pathfinders #2),a-flight-of-arrows-the-pathfinders-2_876,https://books.toscrape.com/catalogue/a-flight-of-arrows-the-pathfinders-2_876/index.html
GBP,True,46.42,2,A Game of Thrones (A Song of Ice and Fire #1),a-game-of-thrones-a-song-of-ice-and-fire-1_358,https://books.toscrape.com/catalogue/a-game-of-thrones-a-song-of-ice-and-fire-1_358/index.html
GBP,True,44.81,4,A Gathering of Shadows (Shades of Magic #2),a-gathering-of-shadows-shades-of-magic-2_456,https://books.toscrape.com/catalogue/a-gathering-of-shadows-shades-of-magic-2_456/index.html
GBP,True,14.75,5,A Gentleman's Position (Society of Gentlemen #3),a-gentlemans-position-society-of-gentlemen-3_584,https://books.toscrape.com/catalogue/a-gentlemans-position-society-of-gentlemen-3_584/index.html
GBP,True,31.30,1,A Girl's Guide to Moving On (New Beginnings #2),a-girls-guide-to-moving-on-new-beginnings-2_359,https://books.toscrape.com/catalogue/a-girls-guide-to-moving-on-new-beginnings-2_359/index.html
GBP,True,54.29,5,A Heartbreaking Work of Staggering Genius,a-heartbreaking-work-of-staggering-genius_115,https://books.toscrape.com/catalogue/a-heartbreaking-work-of-staggering-genius_115/index.html
GBP,True,50.49,3,A Hero's Curse (The Unseen Chronicles #1),a-heros-curse-the-unseen-chronicles-1_557,https://books.toscrape.com/catalogue/a-heros-curse-the-unseen-chronicles-1_557/index.html
GBP,True,27.62,1,"A History of God: The 4,000-Year Quest of Judaism, Christianity, and Islam",a-history-of-god-the-4000-year-quest-of-judaism-christianity-and-islam_310,https://books.toscrape.com/catalogue/a-history-of-god-the-4000-year-quest-of-judaism-christianity-and-islam_310/index.html
GBP,True,38.77,1,"A la Mode: 120 Recipes in 60 Pairings: Pies, Tarts, Cakes, Crisps, and More Topped with Ice Cream, Gelato, Frozen Custard, and More",a-la-mode-120-recipes-in-60-pairings-pies-tarts-cakes-crisps-and-more-topped-with-ice-cream-gelato-frozen-custard-and-more_611,https://books.toscrape.com/catalogue/a-la-mode-120-recipes-in-60-pairings-pies-tarts-cakes-crisps-and-more-topped-with-ice-cream-gelato-frozen-custard-and-more_611/index.html
GBP,True,51.77,3,A Light in the Attic,a-light-in-the-attic_1000,https://books.toscrape.com/catalogue/a-light-in-the-attic_1000/index.html
GBP,True,39.72,1,A Man Called Ove,a-man-called-ove_653,https://books.toscrape.com/catalogue/a-man-called-ove_653/index.html
GBP,True,19.53,3,A Mother's Reckoning: Living in the Aftermath of Tragedy,a-mothers-reckoning-living-in-the-aftermath-of-tragedy_585,https://books.toscrape.com/catalogue/a-mothers-reckoning-living-in-the-aftermath-of-tragedy_585/index.html
GBP,True,16.64,1,A Murder in Time,a-murder-in-time_877,https://books.toscrape.com/catalogue/a-murder-in-time_877/index.html
GBP,True,13.20,3,"A Murder Over a Girl: Justice, Gender, Junior High",a-murder-over-a-girl-justice-gender-junior-high_511,https://books.toscrape.com/catalogue/a-murder-over-a-girl-justice-gender-junior-high_511/index.html
GBP,True,55.65,5,A New Earth: Awakening to Your Life's Purpose,a-new-earth-awakening-to-your-lifes-purpose_311,https://books.toscrape.com/catalogue/a-new-earth-awakening-to-your-lifes-purpose_311/index.html
GBP,True,39.01,4,A Paris Apartment,a-paris-apartment_612,https://books.toscrape.com/catalogue/a-paris-apartment_612/index.html
GBP,True,40.79,2,A People's History of the United States,a-peoples-history-of-the-united-states_654,https://books.toscrape.com/catalogue/a-peoples-history-of-the-united-states_654/index.html
GBP,True,56.76,5,"A Piece of Sky, a Grain of Rice: A Memoir in Four Meditations",a-piece-of-sky-a-grain-of-rice-a-memoir-in-four-meditations_878,https://books.toscrape.com/catalogue/a-piece-of-sky-a-grain-of-rice-a-memoir-in-four-meditations_878/index.html
GBP,True,56.48,2,"A Series of Catastrophes and Miracles: A True Story of Love, Science, and Cancer",a-series-of-catastrophes-and-miracles-a-true-story-of-love-science-and-cancer_655,https://books.toscrape.com/catalogue/a-series-of-catastrophes-and-miracles-a-true-story-of-love-science-and-cancer_655/index.html
GBP,True,56.63,3,A Shard of Ice (The Black Symphony Saga #1),a-shard-of-ice-the-black-symphony-saga-1_558,https://books.toscrape.com/catalogue/a-shard-of-ice-the-black-symphony-saga-1_558/index.html
GBP,True,52.40,5,A Short History of Nearly Everything,a-short-history-of-nearly-everything_457,https://books.toscrape.com/catalogue/a-short-history-of-nearly-everything_457/index.html
GBP,True,16.97,5,A Spy's Devotion (The Regency Spies of London #1),a-spys-devotion-the-regency-spies-of-london-1_3,https://books.toscrape.com/catalogue/a-spys-devotion-the-regency-spies-of-london-1_3/index.html
GBP,True,31.22,2,A Storm of Swords (A Song of Ice and Fire #3),a-storm-of-swords-a-song-of-ice-and-fire-3_116,https://books.toscrape.com/catalogue/a-storm-of-swords-a-song-of-ice-and-fire-3_116/index.html
GBP,True,16.73,2,A Study in Scarlet (Sherlock Holmes #1),a-study-in-scarlet-sherlock-holmes-1_656,https://books.toscrape.com/catalogue/a-study-in-scarlet-sherlock-holmes-1_656/index.html
GBP,True,44.34,2,A Summer In Europe,a-summer-in-europe_458,https://books.toscrape.com/catalogue/a-summer-in-europe_458/index.html
GBP,True,48.35,5,A Time of Torment (Charlie Parker #14),a-time-of-torment-charlie-parker-14_657,https://books.toscrape.com/catalogue/a-time-of-torment-charlie-parker-14_657/index.html
GBP,True,14.08,5,A Visit from the Goon Squad,a-visit-from-the-goon-squad_117,https://books.toscrape.com/catalogue/a-visit-from-the-goon-squad_117/index.html
GBP,True,30.48,4,A Walk in the Woods: Rediscovering America on the Appalachian Trail,a-walk-in-the-woods-rediscovering-america-on-the-appalachian-trail_118,https://books.toscrape.com/catalogue/a-walk-in-the-woods-rediscovering-america-on-the-appalachian-trail_118/index.html
GBP,True,56.43,1,A Walk to Remember,a-walk-to-remember_312,https://books.toscrape.com/catalogue/a-walk-to-remember_312/index.html
GBP,True,42.95,1,A World of Flavor: Your Gluten Free Passport,a-world-of-flavor-your-gluten-free-passport_879,https://books.toscrape.com/catalogue/a-world-of-flavor-your-gluten-free-passport_879/index.html
GBP,True,56.88,4,A Year in Provence (Provence #1),a-year-in-provence-provence-1_421,https://books.toscrape.com/catalogue/a-year-in-provence-provence-1_421/index.html
GBP,True,56.37,5,Abstract City,abstract-city_658,https://books.toscrape.com/catalogue/abstract-city_658/index.html
GBP,True,20.88,5,Adultery,adultery_586,https://books.toscrape.com/catalogue/adultery_586/index.html
GBP,True,10.90,2,"Adulthood Is a Myth: A ""Sarah's Scribbles"" Collection",adulthood-is-a-myth-a-sarahs-scribbles-collection_659,https://books.toscrape.com/catalogue/adulthood-is-a-myth-a-sarahs-scribbles-collection_659/index.html
GBP,True,12.51,5,Agnostic: A Spirited Manifesto,agnostic-a-spirited-manifesto_786,https://books.toscrape.com/catalogue/agnostic-a-spirited-manifesto_786/index.html
GBP,True,57.06,4,"Ajin: Demi-Human, Volume 1 (Ajin: Demi-Human #1)",ajin-demi-human-volume-1-ajin-demi-human-1_4,https://books.toscrape.com/catalogue/ajin-demi-human-volume-1-ajin-demi-human-1_4/index.html
GBP,True,53.13,3,Aladdin and His Wonderful Lamp,aladdin-and-his-wonderful-lamp_973,https://books.toscrape.com/catalogue/aladdin-and-his-wonderful-lamp_973/index.html
GBP,True,30.81,1,Algorithms to Live By: The Computer Science of Human Decisions,algorithms-to-live-by-the-computer-science-of-human-decisions_880,https://books.toscrape.com/catalogue/algorithms-to-live-by-the-computer-science-of-human-decisions_880/index.html
GBP,True,55.53,1,Alice in Wonderland (Alice's Adventures in Wonderland #1),alice-in-wonderland-alices-adventures-in-wonderland-1_5,https://books.toscrape.com/catalogue/alice-in-wonderland-alices-adventures-in-wonderland-1_5/index.html
GBP,True,58.59,4,Alight (The Generations Trilogy #2),alight-the-generations-trilogy-2_360,https://books.toscrape.com/catalogue/alight-the-generations-trilogy-2_360/index.html
GBP,True,29.87,5,All the Light We Cannot See,all-the-light-we-cannot-see_660,https://books.toscrape.com/catalogue/all-the-light-we-cannot-see_660/index.html
GBP,True,50.54,5,Amatus,amatus_787,https://books.toscrape.com/catalogue/amatus_787/index.html
GBP,True,22.50,3,America's Cradle of Quarterbacks: Western Pennsylvania's Football Factory from Johnny Unitas to Joe Montana,americas-cradle-of-quarterbacks-western-pennsylvanias-football-factory-from-johnny-unitas-to-joe-montana_974,https://books.toscrape.com/catalogue/americas-cradle-of-quarterbacks-western-pennsylvanias-football-factory-from-johnny-unitas-to-joe-montana_974/index.html
GBP,True,51.22,2,America's War for the Greater Middle East: A Military History,americas-war-for-the-greater-middle-east-a-military-history_361,https://books.toscrape.com/catalogue/americas-war-for-the-greater-middle-east-a-military-history_361/index.html
GBP,True,36.58,1,Amid the Chaos,amid-the-chaos_788,https://books.toscrape.com/catalogue/amid-the-chaos_788/index.html
GBP,True,18.46,3,Amy Meets the Saints and Sages,amy-meets-the-saints-and-sages_789,https://books.toscrape.com/catalogue/amy-meets-the-saints-and-sages_789/index.html
GBP,True,10.00,5,An Abundance of Katherines,an-abundance-of-katherines_362,https://books.toscrape.com/catalogue/an-abundance-of-katherines_362/index.html
GBP,True,21.30,3,An Unquiet Mind: A Memoir of Moods and Madness,an-unquiet-mind-a-memoir-of-moods-and-madness_422,https://books.toscrape.com/catalogue/an-unquiet-mind-a-memoir-of-moods-and-madness_422/index.html
GBP,True,35.01,2,And Then There Were None,and-then-there-were-none_119,https://books.toscrape.com/catalogue/and-then-there-were-none_119/index.html
GBP,True,51.48,3,Angels & Demons (Robert Langdon #1),angels-demons-robert-langdon-1_661,https://books.toscrape.com/catalogue/angels-demons-robert-langdon-1_661/index.html
GBP,True,34.20,2,Angels Walking (Angels Walking #1),angels-walking-angels-walking-1_662,https://books.toscrape.com/catalogue/angels-walking-angels-walking-1_662/index.html
GBP,True,57.22,3,Animal Farm,animal-farm_313,https://books.toscrape.com/catalogue/animal-farm_313/index.html
GBP,True,36.83,5,Annie on My Mind,annie-on-my-mind_120,https://books.toscrape.com/catalogue/annie-on-my-mind_120/index.html
GBP,True,46.82,4,Anonymous,anonymous_790,https://books.toscrape.com/catalogue/anonymous_790/index.html
GBP,True,58.81,5,Approval Junkie: Adventures in Caring Too Much,approval-junkie-adventures-in-caring-too-much_363,https://books.toscrape.com/catalogue/approval-junkie-adventures-in-caring-too-much_363/index.html
GBP,True,56.58,1,Are We Smart Enough to Know How Smart Animals Are?,are-we-smart-enough-to-know-how-smart-animals-are_121,https://books.toscrape.com/catalogue/are-we-smart-enough-to-know-how-smart-animals-are_121/index.html
GBP,True,10.66,3,Are We There Yet?,are-we-there-yet_122,https://books.toscrape.com/catalogue/are-we-there-yet_122/index.html
GBP,True,21.36,4,Arena,arena_587,https://books.toscrape.com/catalogue/arena_587/index.html
GBP,True,58.14,4,Aristotle and Dante Discover the Secrets of the Universe (Aristotle and Dante Discover the Secrets of the Universe #1),aristotle-and-dante-discover-the-secrets-of-the-universe-aristotle-and-dante-discover-the-secrets-of-the-universe-1_663,https://books.toscrape.com/catalogue/aristotle-and-dante-discover-the-secrets-of-the-universe-aristotle-and-dante-discover-the-secrets-of-the-universe-1_663/index.html
GBP,True,48.63,4,Art and Fear: Observations on the Perils (and Rewards) of Artmaking,art-and-fear-observations-on-the-perils-and-rewards-of-artmaking_559,https://books.toscrape.com/catalogue/art-and-fear-observations-on-the-perils-and-rewards-of-artmaking_559/index.html
GBP,True,48.80,3,Art Ops Vol. 1,art-ops-vol-1_664,https://books.toscrape.com/catalogue/art-ops-vol-1_664/index.html
GBP,True,22.06,4,Ash,ash_123,https://books.toscrape.com/catalogue/ash_123/index.html
GBP,True,29.93,5,"At The Existentialist Café: Freedom, Being, and apricot cocktails with: Jean-Paul Sartre, Simone de Beauvoir, Albert Camus, Martin Heidegger, Edmund Husserl, Karl Jaspers, Maurice Merleau-Ponty and others",at-the-existentialist-cafe-freedom-being-and-apricot-cocktails-with-jean-paul-sartre-simone-de-beauvoir-albert-camus-martin-heidegger-edmund-husserl-karl-jaspers-maurice-merleau-ponty-and-others_459,https://books.toscrape.com/catalogue/at-the-existentialist-cafe-freedom-being-and-apricot-cocktails-with-jean-paul-sartre-simone-de-beauvoir-albert-camus-martin-heidegger-edmund-husserl-karl-jaspers-maurice-merleau-ponty-and-others_459/index.html
GBP,True,26.58,5,Atlas Shrugged,atlas-shrugged_314,https://books.toscrape.com/catalogue/atlas-shrugged_314/index.html
GBP,True,28.09,2,"Avatar: The Last Airbender: Smoke and Shadow, Part 3 (Smoke and Shadow #3)",avatar-the-last-airbender-smoke-and-shadow-part-3-smoke-and-shadow-3_881,https://books.toscrape.com/catalogue/avatar-the-last-airbender-smoke-and-shadow-part-3-smoke-and-shadow-3_881/index.html
GBP,True,38.02,2,Awkward,awkward_124,https://books.toscrape.com/catalogue/awkward_124/index.html
GBP,True,15.48,2,Ayumi's Violin,ayumis-violin_791,https://books.toscrape.com/catalogue/ayumis-violin_791/index.html
GBP,True,17.03,3,Balloon Animals,balloon-animals_665,https://books.toscrape.com/catalogue/balloon-animals_665/index.html
GBP,True,50.62,5,Barefoot Contessa at Home: Everyday Recipes You'll Make Over and Over Again,barefoot-contessa-at-home-everyday-recipes-youll-make-over-and-over-again_666,https://books.toscrape.com/catalogue/barefoot-contessa-at-home-everyday-recipes-youll-make-over-and-over-again_666/index.html
GBP,True,28.01,1,Barefoot Contessa Back to Basics,barefoot-contessa-back-to-basics_667,https://books.toscrape.com/catalogue/barefoot-contessa-back-to-basics_667/index.html
GBP,True,32.01,2,Batman: Europa,batman-europa_668,https://books.toscrape.com/catalogue/batman-europa_668/index.html
GBP,True,15.38,5,Batman: The Dark Knight Returns (Batman),batman-the-dark-knight-returns-batman_792,https://books.toscrape.com/catalogue/batman-the-dark-knight-returns-batman_792/index.html
GBP,True,36.50,2,Batman: The Long Halloween (Batman),batman-the-long-halloween-batman_793,https://books.toscrape.com/catalogue/batman-the-long-halloween-batman_793/index.html
GBP,True,21.55,5,Beautiful Creatures (Caster Chronicles #1),beautiful-creatures-caster-chronicles-1_125,https://books.toscrape.com/catalogue/beautiful-creatures-caster-chronicles-1_125/index.html
GBP,True,11.11,2,Beauty Restored (Riley Family Legacy Novellas #3),beauty-restored-riley-family-legacy-novellas-3_794,https://books.toscrape.com/catalogue/beauty-restored-riley-family-legacy-novellas-3_794/index.html
GBP,True,27.43,2,Becoming Wise: An Inquiry into the Mystery and Art of Living,becoming-wise-an-inquiry-into-the-mystery-and-art-of-living_795,https://books.toscrape.com/catalogue/becoming-wise-an-inquiry-into-the-mystery-and-art-of-living_795/index.html
GBP,True,52.22,4,Behind Closed Doors,behind-closed-doors_962,https://books.toscrape.com/catalogue/behind-closed-doors_962/index.html
GBP,True,55.06,4,Being Mortal: Medicine and What Matters in the End,being-mortal-medicine-and-what-matters-in-the-end_512,https://books.toscrape.com/catalogue/being-mortal-medicine-and-what-matters-in-the-end_512/index.html
GBP,True,48.19,3,Benjamin Franklin: An American Life,benjamin-franklin-an-american-life_460,https://books.toscrape.com/catalogue/benjamin-franklin-an-american-life_460/index.html
GBP,True,38.35,2,Beowulf,beowulf_126,https://books.toscrape.com/catalogue/beowulf_126/index.html
GBP,True,27.41,2,Best of My Love (Fool's Gold #20),best-of-my-love-fools-gold-20_127,https://books.toscrape.com/catalogue/best-of-my-love-fools-gold-20_127/index.html
GBP,True,39.61,3,Better Homes and Gardens New Cook Book,better-homes-and-gardens-new-cook-book_423,https://books.toscrape.com/catalogue/better-homes-and-gardens-new-cook-book_423/index.html
GBP,True,20.79,5,Between Shades of Gray,between-shades-of-gray_128,https://books.toscrape.com/catalogue/between-shades-of-gray_128/index.html
GBP,True,56.91,4,Between the World and Me,between-the-world-and-me_513,https://books.toscrape.com/catalogue/between-the-world-and-me_513/index.html
GBP,True,43.38,1,Beyond Good and Evil,beyond-good-and-evil_6,https://books.toscrape.com/catalogue/beyond-good-and-evil_6/index.html
GBP,True,22.11,1,Big Little Lies,big-little-lies_129,https://books.toscrape.com/catalogue/big-little-lies_129/index.html
GBP,True,30.80,3,Big Magic: Creative Living Beyond Fear,big-magic-creative-living-beyond-fear_796,https://books.toscrape.com/catalogue/big-magic-creative-living-beyond-fear_796/index.html
GBP,True,54.64,3,Birdsong: A Story in Pictures,birdsong-a-story-in-pictures_975,https://books.toscrape.com/catalogue/birdsong-a-story-in-pictures_975/index.html
GBP,True,37.92,2,"Bitch Planet, Vol. 1: Extraordinary Machine (Bitch Planet (Collected Editions))",bitch-planet-vol-1-extraordinary-machine-bitch-planet-collected-editions_882,https://books.toscrape.com/catalogue/bitch-planet-vol-1-extraordinary-machine-bitch-planet-collected-editions_882/index.html
GBP,True,49.31,1,"Black Butler, Vol. 1 (Black Butler #1)",black-butler-vol-1-black-butler-1_130,https://books.toscrape.com/catalogue/black-butler-vol-1-black-butler-1_130/index.html
GBP,True,34.53,5,Black Dust,black-dust_976,https://books.toscrape.com/catalogue/black-dust_976/index.html
GBP,True,40.87,1,Black Flags: The Rise of ISIS,black-flags-the-rise-of-isis_131,https://books.toscrape.com/catalogue/black-flags-the-rise-of-isis_131/index.html
GBP,True,34.65,5,"Bleach, Vol. 1: Strawberry and the Soul Reapers (Bleach #1)",bleach-vol-1-strawberry-and-the-soul-reapers-bleach-1_7,https://books.toscrape.com/catalogue/bleach-vol-1-strawberry-and-the-soul-reapers-bleach-1_7/index.html
GBP,True,21.74,5,Blink: The Power of Thinking Without Thinking,blink-the-power-of-thinking-without-thinking_132,https://books.toscrape.com/catalogue/blink-the-power-of-thinking-without-thinking_132/index.html
GBP,True,20.30,3,Blood Defense (Samantha Brinkman #1),blood-defense-samantha-brinkman-1_8,https://books.toscrape.com/catalogue/blood-defense-samantha-brinkman-1_8/index.html
GBP,True,25.77,1,Blue Like Jazz: Nonreligious Thoughts on Christian Spirituality,blue-like-jazz-nonreligious-thoughts-on-christian-spirituality_461,https://books.toscrape.com/catalogue/blue-like-jazz-nonreligious-thoughts-on-christian-spirituality_461/index.html
GBP,True,34.13,5,"Blue Lily, Lily Blue (The Raven Cycle #3)",blue-lily-lily-blue-the-raven-cycle-3_364,https://books.toscrape.com/catalogue/blue-lily-lily-blue-the-raven-cycle-3_364/index.html
GBP,True,59.48,3,Boar Island (Anna Pigeon #19),boar-island-anna-pigeon-19_613,https://books.toscrape.com/catalogue/boar-island-anna-pigeon-19_613/index.html
GBP,True,17.49,5,Booked,booked_365,https://books.toscrape.com/catalogue/booked_365/index.html
GBP,True,21.59,5,Born for This: How to Find the Work You Were Meant to Do,born-for-this-how-to-find-the-work-you-were-meant-to-do_588,https://books.toscrape.com/catalogue/born-for-this-how-to-find-the-work-you-were-meant-to-do_588/index.html
GBP,True,27.35,2,"Born to Run: A Hidden Tribe, Superathletes, and the Greatest Race the World Has Never Seen",born-to-run-a-hidden-tribe-superathletes-and-the-greatest-race-the-world-has-never-seen_133,https://books.toscrape.com/catalogue/born-to-run-a-hidden-tribe-superathletes-and-the-greatest-race-the-world-has-never-seen_133/index.html
GBP,True,49.46,2,Bossypants,bossypants_883,https://books.toscrape.com/catalogue/bossypants_883/index.html
GBP,True,37.26,4,Bounty (Colorado Mountain #7),bounty-colorado-mountain-7_9,https://books.toscrape.com/catalogue/bounty-colorado-mountain-7_9/index.html
GBP,True,21.12,3,Boy Meets Boy,boy-meets-boy_134,https://books.toscrape.com/catalogue/boy-meets-boy_134/index.html
GBP,True,49.32,5,Brain on Fire: My Month of Madness,brain-on-fire-my-month-of-madness_669,https://books.toscrape.com/catalogue/brain-on-fire-my-month-of-madness_669/index.html
GBP,True,51.32,5,Brave Enough,brave-enough_135,https://books.toscrape.com/catalogue/brave-enough_135/index.html
GBP,True,19.22,2,Brazen: The Courage to Find the You That's Been Hiding,brazen-the-courage-to-find-the-you-thats-been-hiding_514,https://books.toscrape.com/catalogue/brazen-the-courage-to-find-the-you-thats-been-hiding_514/index.html
GBP,True,35.28,5,Breaking Dawn (Twilight #4),breaking-dawn-twilight-4_136,https://books.toscrape.com/catalogue/breaking-dawn-twilight-4_136/index.html
GBP,True,29.82,1,Bridget Jones's Diary (Bridget Jones #1),bridget-joness-diary-bridget-jones-1_10,https://books.toscrape.com/catalogue/bridget-joness-diary-bridget-jones-1_10/index.html
GBP,True,39.07,5,Bright Lines,bright-lines_11,https://books.toscrape.com/catalogue/bright-lines_11/index.html
GBP,True,11.45,3,Brilliant Beacons: A History of the American Lighthouse,brilliant-beacons-a-history-of-the-american-lighthouse_515,https://books.toscrape.com/catalogue/brilliant-beacons-a-history-of-the-american-lighthouse_515/index.html
GBP,True,28.81,3,Burning,burning_884,https://books.toscrape.com/catalogue/burning_884/index.html
GBP,True,37.80,4,Buying In: The Secret Dialogue Between What We Buy and Who We Are,buying-in-the-secret-dialogue-between-what-we-buy-and-who-we-are_670,https://books.toscrape.com/catalogue/buying-in-the-secret-dialogue-between-what-we-buy-and-who-we-are_670/index.html
GBP,True,29.14,5,Call the Nurse: True Stories of a Country Nurse on a Scottish Isle,call-the-nurse-true-stories-of-a-country-nurse-on-a-scottish-isle_885,https://books.toscrape.com/catalogue/call-the-nurse-true-stories-of-a-country-nurse-on-a-scottish-isle_885/index.html
GBP,True,17.08,4,Camp Midnight,camp-midnight_886,https://books.toscrape.com/catalogue/camp-midnight_886/index.html
GBP,True,48.64,1,Can You Keep a Secret? (Fear Street Relaunch #4),can-you-keep-a-secret-fear-street-relaunch-4_614,https://books.toscrape.com/catalogue/can-you-keep-a-secret-fear-street-relaunch-4_614/index.html
GBP,True,21.94,1,Can You Keep a Secret?,can-you-keep-a-secret_315,https://books.toscrape.com/catalogue/can-you-keep-a-secret_315/index.html
GBP,True,58.63,3,Candide,candide_316,https://books.toscrape.com/catalogue/candide_316/index.html
GBP,True,24.72,2,Career of Evil (Cormoran Strike #3),career-of-evil-cormoran-strike-3_137,https://books.toscrape.com/catalogue/career-of-evil-cormoran-strike-3_137/index.html
GBP,True,46.23,2,Carrie,carrie_671,https://books.toscrape.com/catalogue/carrie_671/index.html
GBP,True,31.85,3,"Carry On, Warrior: Thoughts on Life Unarmed",carry-on-warrior-thoughts-on-life-unarmed_672,https://books.toscrape.com/catalogue/carry-on-warrior-thoughts-on-life-unarmed_672/index.html
GBP,True,37.35,2,Catastrophic Happiness: Finding Joy in Childhood's Messy Years,catastrophic-happiness-finding-joy-in-childhoods-messy-years_138,https://books.toscrape.com/catalogue/catastrophic-happiness-finding-joy-in-childhoods-messy-years_138/index.html
GBP,True,50.83,3,Catching Jordan (Hundred Oaks),catching-jordan-hundred-oaks_673,https://books.toscrape.com/catalogue/catching-jordan-hundred-oaks_673/index.html
GBP,True,58.55,4,Catherine the Great: Portrait of a Woman,catherine-the-great-portrait-of-a-woman_424,https://books.toscrape.com/catalogue/catherine-the-great-portrait-of-a-woman_424/index.html
GBP,True,20.29,4,Cell,cell_674,https://books.toscrape.com/catalogue/cell_674/index.html
GBP,True,13.38,3,Changing the Game (Play by Play #2),changing-the-game-play-by-play-2_317,https://books.toscrape.com/catalogue/changing-the-game-play-by-play-2_317/index.html
GBP,True,41.24,1,Charity's Cross (Charles Towne Belles #4),charitys-cross-charles-towne-belles-4_12,https://books.toscrape.com/catalogue/charitys-cross-charles-towne-belles-4_12/index.html
GBP,True,22.85,3,Charlie and the Chocolate Factory (Charlie Bucket #1),charlie-and-the-chocolate-factory-charlie-bucket-1_13,https://books.toscrape.com/catalogue/charlie-and-the-chocolate-factory-charlie-bucket-1_13/index.html
GBP,True,25.27,5,Chase Me (Paris Nights #2),chase-me-paris-nights-2_977,https://books.toscrape.com/catalogue/chase-me-paris-nights-2_977/index.html
GBP,True,37.80,2,Chasing Heaven: What Dying Taught Me About Living,chasing-heaven-what-dying-taught-me-about-living_797,https://books.toscrape.com/catalogue/chasing-heaven-what-dying-taught-me-about-living_797/index.html
GBP,True,35.92,2,Chernobyl 01:23:40: The Incredible True Story of the World's Worst Nuclear Disaster,chernobyl-012340-the-incredible-true-story-of-the-worlds-worst-nuclear-disaster_560,https://books.toscrape.com/catalogue/chernobyl-012340-the-incredible-true-story-of-the-worlds-worst-nuclear-disaster_560/index.html
GBP,True,28.42,4,Choosing Our Religion: The Spiritual Lives of America's Nones,choosing-our-religion-the-spiritual-lives-of-americas-nones_14,https://books.toscrape.com/catalogue/choosing-our-religion-the-spiritual-lives-of-americas-nones_14/index.html
GBP,True,52.60,2,"Chronicles, Vol. 1",chronicles-vol-1_462,https://books.toscrape.com/catalogue/chronicles-vol-1_462/index.html
GBP,True,26.09,1,Cinder (The Lunar Chronicles #1),cinder-the-lunar-chronicles-1_139,https://books.toscrape.com/catalogue/cinder-the-lunar-chronicles-1_139/index.html
GBP,True,47.27,1,City of Ashes (The Mortal Instruments #2),city-of-ashes-the-mortal-instruments-2_675,https://books.toscrape.com/catalogue/city-of-ashes-the-mortal-instruments-2_675/index.html
GBP,True,43.28,1,City of Bones (The Mortal Instruments #1),city-of-bones-the-mortal-instruments-1_676,https://books.toscrape.com/catalogue/city-of-bones-the-mortal-instruments-1_676/index.html
GBP,True,11.23,4,City of Fallen Angels (The Mortal Instruments #4),city-of-fallen-angels-the-mortal-instruments-4_677,https://books.toscrape.com/catalogue/city-of-fallen-angels-the-mortal-instruments-4_677/index.html
GBP,True,56.02,4,City of Glass (The Mortal Instruments #3),city-of-glass-the-mortal-instruments-3_678,https://books.toscrape.com/catalogue/city-of-glass-the-mortal-instruments-3_678/index.html
GBP,True,59.95,2,Civilization and Its Discontents,civilization-and-its-discontents_140,https://books.toscrape.com/catalogue/civilization-and-its-discontents_140/index.html
GBP,True,44.14,1,Clockwork Angel (The Infernal Devices #1),clockwork-angel-the-infernal-devices-1_679,https://books.toscrape.com/catalogue/clockwork-angel-the-infernal-devices-1_679/index.html
GBP,True,49.46,4,Close to You,close-to-you_798,https://books.toscrape.com/catalogue/close-to-you_798/index.html
GBP,True,22.13,4,Code Name Verity (Code Name Verity #1),code-name-verity-code-name-verity-1_680,https://books.toscrape.com/catalogue/code-name-verity-code-name-verity-1_680/index.html
GBP,True,36.72,4,"Codename Baboushka, Volume 1: The Conclave of Death",codename-baboushka-volume-1-the-conclave-of-death_887,https://books.toscrape.com/catalogue/codename-baboushka-volume-1-the-conclave-of-death_887/index.html
GBP,True,25.01,3,Cometh the Hour (The Clifton Chronicles #6),cometh-the-hour-the-clifton-chronicles-6_681,https://books.toscrape.com/catalogue/cometh-the-hour-the-clifton-chronicles-6_681/index.html
GBP,True,48.94,2,Confessions of a Shopaholic (Shopaholic #1),confessions-of-a-shopaholic-shopaholic-1_318,https://books.toscrape.com/catalogue/confessions-of-a-shopaholic-shopaholic-1_318/index.html
GBP,True,36.17,2,Cosmos,cosmos_141,https://books.toscrape.com/catalogue/cosmos_141/index.html
GBP,True,17.97,5,Counted With the Stars (Out from Egypt #1),counted-with-the-stars-out-from-egypt-1_463,https://books.toscrape.com/catalogue/counted-with-the-stars-out-from-egypt-1_463/index.html
GBP,True,10.62,1,Counting Thyme,counting-thyme_142,https://books.toscrape.com/catalogue/counting-thyme_142/index.html
GBP,True,20.50,3,Cravings: Recipes for What You Want to Eat,cravings-recipes-for-what-you-want-to-eat_589,https://books.toscrape.com/catalogue/cravings-recipes-for-what-you-want-to-eat_589/index.html
GBP,True,47.72,2,Crazy Love: Overwhelmed by a Relentless God,crazy-love-overwhelmed-by-a-relentless-god_682,https://books.toscrape.com/catalogue/crazy-love-overwhelmed-by-a-relentless-god_682/index.html
GBP,True,49.13,5,Crazy Rich Asians (Crazy Rich Asians #1),crazy-rich-asians-crazy-rich-asians-1_143,https://books.toscrape.com/catalogue/crazy-rich-asians-crazy-rich-asians-1_143/index.html
GBP,True,20.75,1,Critique of Pure Reason,critique-of-pure-reason_366,https://books.toscrape.com/catalogue/critique-of-pure-reason_366/index.html
GBP,True,43.29,3,Crown of Midnight (Throne of Glass #2),crown-of-midnight-throne-of-glass-2_888,https://books.toscrape.com/catalogue/crown-of-midnight-throne-of-glass-2_888/index.html
GBP,True,36.58,1,Daily Fantasy Sports,daily-fantasy-sports_683,https://books.toscrape.com/catalogue/daily-fantasy-sports_683/index.html
GBP,True,51.99,4,Danganronpa Volume 1,danganronpa-volume-1_889,https://books.toscrape.com/catalogue/danganronpa-volume-1_889/index.html
GBP,True,16.34,3,Daredevils,daredevils_590,https://books.toscrape.com/catalogue/daredevils_590/index.html
GBP,True,19.43,3,"Daring Greatly: How the Courage to Be Vulnerable Transforms the Way We Live, Love, Parent, and Lead",daring-greatly-how-the-courage-to-be-vulnerable-transforms-the-way-we-live-love-parent-and-lead_799,https://books.toscrape.com/catalogue/daring-greatly-how-the-courage-to-be-vulnerable-transforms-the-way-we-live-love-parent-and-lead_799/index.html
GBP,True,12.87,1,Dark Lover (Black Dagger Brotherhood #1),dark-lover-black-dagger-brotherhood-1_319,https://books.toscrape.com/catalogue/dark-lover-black-dagger-brotherhood-1_319/index.html
GBP,True,19.19,5,Dark Notes,dark-notes_800,https://books.toscrape.com/catalogue/dark-notes_800/index.html
GBP,True,23.90,5,Dark Places,dark-places_144,https://books.toscrape.com/catalogue/dark-places_144/index.html
GBP,True,56.02,1,Darkfever (Fever #1),darkfever-fever-1_145,https://books.toscrape.com/catalogue/darkfever-fever-1_145/index.html
GBP,True,32.35,3,"Data, A Love Story: How I Gamed Online Dating to Meet My Match",data-a-love-story-how-i-gamed-online-dating-to-meet-my-match_367,https://books.toscrape.com/catalogue/data-a-love-story-how-i-gamed-online-dating-to-meet-my-match_367/index.html
GBP,True,17.81,1,"David and Goliath: Underdogs, Misfits, and the Art of Battling Giants",david-and-goliath-underdogs-misfits-and-the-art-of-battling-giants_146,https://books.toscrape.com/catalogue/david-and-goliath-underdogs-misfits-and-the-art-of-battling-giants_146/index.html
GBP,True,39.24,5,Dead Wake: The Last Crossing of the Lusitania,dead-wake-the-last-crossing-of-the-lusitania_147,https://books.toscrape.com/catalogue/dead-wake-the-last-crossing-of-the-lusitania_147/index.html
GBP,True,11.21,5,Dear Mr. Knightley,dear-mr-knightley_684,https://books.toscrape.com/catalogue/dear-mr-knightley_684/index.html
GBP,True,37.51,4,Death by Leisure: A Cautionary Tale,death-by-leisure-a-cautionary-tale_516,https://books.toscrape.com/catalogue/death-by-leisure-a-cautionary-tale_516/index.html
GBP,True,52.41,1,"Death Note, Vol. 5: Whiteout (Death Note #5)",death-note-vol-5-whiteout-death-note-5_368,https://books.toscrape.com/catalogue/death-note-vol-5-whiteout-death-note-5_368/index.html
GBP,True,36.39,3,"Death Note, Vol. 6: Give-and-Take (Death Note #6)",death-note-vol-6-give-and-take-death-note-6_425,https://books.toscrape.com/catalogue/death-note-vol-6-give-and-take-death-note-6_425/index.html
GBP,True,40.32,4,Deception Point,deception-point_426,https://books.toscrape.com/catalogue/deception-point_426/index.html
GBP,True,47.09,5,Deep Under (Walker Security #1),deep-under-walker-security-1_15,https://books.toscrape.com/catalogue/deep-under-walker-security-1_15/index.html
GBP,True,42.16,3,"Deliciously Ella Every Day: Quick and Easy Recipes for Gluten-Free Snacks, Packed Lunches, and Simple Meals",deliciously-ella-every-day-quick-and-easy-recipes-for-gluten-free-snacks-packed-lunches-and-simple-meals_801,https://books.toscrape.com/catalogue/deliciously-ella-every-day-quick-and-easy-recipes-for-gluten-free-snacks-packed-lunches-and-simple-meals_801/index.html
GBP,True,20.89,4,Delivering the Truth (Quaker Midwife Mystery #1),delivering-the-truth-quaker-midwife-mystery-1_464,https://books.toscrape.com/catalogue/delivering-the-truth-quaker-midwife-mystery-1_464/index.html
GBP,True,37.51,5,Demigods & Magicians: Percy and Annabeth Meet the Kanes (Percy Jackson & Kane Chronicles Crossover #1-3),demigods-magicians-percy-and-annabeth-meet-the-kanes-percy-jackson-kane-chronicles-crossover-1-3_685,https://books.toscrape.com/catalogue/demigods-magicians-percy-and-annabeth-meet-the-kanes-percy-jackson-kane-chronicles-crossover-1-3_685/index.html
GBP,True,28.41,1,Diary of a Citizen Scientist: Chasing Tiger Beetles and Other New Ways of Engaging the World,diary-of-a-citizen-scientist-chasing-tiger-beetles-and-other-new-ways-of-engaging-the-world_517,https://books.toscrape.com/catalogue/diary-of-a-citizen-scientist-chasing-tiger-beetles-and-other-new-ways-of-engaging-the-world_517/index.html
GBP,True,52.88,4,Diary of a Minecraft Zombie Book 1: A Scare of a Dare (An Unofficial Minecraft Book),diary-of-a-minecraft-zombie-book-1-a-scare-of-a-dare-an-unofficial-minecraft-book_99,https://books.toscrape.com/catalogue/diary-of-a-minecraft-zombie-book-1-a-scare-of-a-dare-an-unofficial-minecraft-book_99/index.html
GBP,True,58.00,5,Digital Fortress,digital-fortress_369,https://books.toscrape.com/catalogue/digital-fortress_369/index.html
GBP,True,40.83,4,Dirty (Dive Bar #1),dirty-dive-bar-1_615,https://books.toscrape.com/catalogue/dirty-dive-bar-1_615/index.html
GBP,True,15.28,5,Disrupted: My Misadventure in the Start-Up Bubble,disrupted-my-misadventure-in-the-start-up-bubble_148,https://books.toscrape.com/catalogue/disrupted-my-misadventure-in-the-start-up-bubble_148/index.html
GBP,True,51.48,1,Do Androids Dream of Electric Sheep? (Blade Runner #1),do-androids-dream-of-electric-sheep-blade-runner-1_149,https://books.toscrape.com/catalogue/do-androids-dream-of-electric-sheep-blade-runner-1_149/index.html
GBP,True,40.12,2,Doctor Sleep (The Shining #2),doctor-sleep-the-shining-2_686,https://books.toscrape.com/catalogue/doctor-sleep-the-shining-2_686/index.html
GBP,True,35.61,3,Doing It Over (Most Likely To #1),doing-it-over-most-likely-to-1_802,https://books.toscrape.com/catalogue/doing-it-over-most-likely-to-1_802/index.html
GBP,True,37.72,5,Done Rubbed Out (Reightman & Bailey #1),done-rubbed-out-reightman-bailey-1_803,https://books.toscrape.com/catalogue/done-rubbed-out-reightman-bailey-1_803/index.html
GBP,True,37.97,2,"Don't Be a Jerk: And Other Practical Advice from Dogen, Japan's Greatest Zen Master",dont-be-a-jerk-and-other-practical-advice-from-dogen-japans-greatest-zen-master_890,https://books.toscrape.com/catalogue/dont-be-a-jerk-and-other-practical-advice-from-dogen-japans-greatest-zen-master_890/index.html
GBP,True,33.23,1,Don't Forget Steven,dont-forget-steven_561,https://books.toscrape.com/catalogue/dont-forget-steven_561/index.html
GBP,True,55.35,1,Don't Get Caught,dont-get-caught_687,https://books.toscrape.com/catalogue/dont-get-caught_687/index.html
GBP,True,35.63,5,Dracula the Un-Dead,dracula-the-un-dead_370,https://books.toscrape.com/catalogue/dracula-the-un-dead_370/index.html
GBP,True,52.62,3,Dracula,dracula_150,https://books.toscrape.com/catalogue/dracula_150/index.html
GBP,True,38.70,2,Drama,drama_371,https://books.toscrape.com/catalogue/drama_371/index.html
GBP,True,43.68,3,Dress Your Family in Corduroy and Denim,dress-your-family-in-corduroy-and-denim_562,https://books.toscrape.com/catalogue/dress-your-family-in-corduroy-and-denim_562/index.html
GBP,True,34.95,4,Drive: The Surprising Truth About What Motivates Us,drive-the-surprising-truth-about-what-motivates-us_804,https://books.toscrape.com/catalogue/drive-the-surprising-truth-about-what-motivates-us_804/index.html
GBP,True,54.86,1,Dune (Dune #1),dune-dune-1_151,https://books.toscrape.com/catalogue/dune-dune-1_151/index.html
GBP,True,54.07,2,"Eat Fat, Get Thin",eat-fat-get-thin_688,https://books.toscrape.com/catalogue/eat-fat-get-thin_688/index.html
GBP,True,51.32,3,"Eat, Pray, Love",eat-pray-love_16,https://books.toscrape.com/catalogue/eat-pray-love_16/index.html
GBP,True,51.75,5,"Eaternity: More than 150 Deliciously Easy Vegan Recipes for a Long, Healthy, Satisfied, Joyful Life",eaternity-more-than-150-deliciously-easy-vegan-recipes-for-a-long-healthy-satisfied-joyful-life_689,https://books.toscrape.com/catalogue/eaternity-more-than-150-deliciously-easy-vegan-recipes-for-a-long-healthy-satisfied-joyful-life_689/index.html
GBP,True,18.74,1,Eclipse (Twilight #3),eclipse-twilight-3_152,https://books.toscrape.com/catalogue/eclipse-twilight-3_152/index.html
GBP,True,14.39,4,Eight Hundred Grapes,eight-hundred-grapes_690,https://books.toscrape.com/catalogue/eight-hundred-grapes_690/index.html
GBP,True,57.62,5,El Deafo,el-deafo_691,https://books.toscrape.com/catalogue/el-deafo_691/index.html
GBP,True,56.51,5,Eleanor & Park,eleanor-park_616,https://books.toscrape.com/catalogue/eleanor-park_616/index.html
GBP,True,27.09,3,Eligible (The Austen Project #4),eligible-the-austen-project-4_692,https://books.toscrape.com/catalogue/eligible-the-austen-project-4_692/index.html
GBP,True,32.93,2,Emma,emma_17,https://books.toscrape.com/catalogue/emma_17/index.html
GBP,True,43.64,1,Ender's Game (The Ender Quintet #1),enders-game-the-ender-quintet-1_518,https://books.toscrape.com/catalogue/enders-game-the-ender-quintet-1_518/index.html
GBP,True,56.86,1,Equal Is Unfair: America's Misguided Fight Against Income Inequality,equal-is-unfair-americas-misguided-fight-against-income-inequality_617,https://books.toscrape.com/catalogue/equal-is-unfair-americas-misguided-fight-against-income-inequality_617/index.html
GBP,True,43.87,3,Eragon (The Inheritance Cycle #1),eragon-the-inheritance-cycle-1_153,https://books.toscrape.com/catalogue/eragon-the-inheritance-cycle-1_153/index.html
GBP,True,54.59,4,Eureka Trivia 6.0,eureka-trivia-60_805,https://books.toscrape.com/catalogue/eureka-trivia-60_805/index.html
GBP,True,12.16,5,Every Heart a Doorway (Every Heart A Doorway #1),every-heart-a-doorway-every-heart-a-doorway-1_465,https://books.toscrape.com/catalogue/every-heart-a-doorway-every-heart-a-doorway-1_465/index.html
GBP,True,46.47,3,Every Last Word,every-last-word_693,https://books.toscrape.com/catalogue/every-last-word_693/index.html
GBP,True,54.35,2,Everydata: The Misinformation Hidden in the Little Data You Consume Every Day,everydata-the-misinformation-hidden-in-the-little-data-you-consume-every-day_891,https://books.toscrape.com/catalogue/everydata-the-misinformation-hidden-in-the-little-data-you-consume-every-day_891/index.html
GBP,True,20.10,5,Everyday Italian: 125 Simple and Delicious Recipes,everyday-italian-125-simple-and-delicious-recipes_618,https://books.toscrape.com/catalogue/everyday-italian-125-simple-and-delicious-recipes_618/index.html
GBP,True,42.27,1,Evicted: Poverty and Profit in the American City,evicted-poverty-and-profit-in-the-american-city_372,https://books.toscrape.com/catalogue/evicted-poverty-and-profit-in-the-american-city_372/index.html
GBP,True,51.34,4,"Exit, Pursued by a Bear",exit-pursued-by-a-bear_591,https://books.toscrape.com/catalogue/exit-pursued-by-a-bear_591/index.html
GBP,True,25.40,3,Extreme Prey (Lucas Davenport #26),extreme-prey-lucas-davenport-26_154,https://books.toscrape.com/catalogue/extreme-prey-lucas-davenport-26_154/index.html
GBP,True,41.62,4,"Fables, Vol. 1: Legends in Exile (Fables #1)",fables-vol-1-legends-in-exile-fables-1_806,https://books.toscrape.com/catalogue/fables-vol-1-legends-in-exile-fables-1_806/index.html
GBP,True,15.06,4,"Far & Away: Places on the Brink of Change: Seven Continents, Twenty-Five Years",far-away-places-on-the-brink-of-change-seven-continents-twenty-five-years_694,https://books.toscrape.com/catalogue/far-away-places-on-the-brink-of-change-seven-continents-twenty-five-years_694/index.html
GBP,True,34.93,2,Far From True (Promise Falls Trilogy #2),far-from-true-promise-falls-trilogy-2_320,https://books.toscrape.com/catalogue/far-from-true-promise-falls-trilogy-2_320/index.html
GBP,True,49.05,3,Feathers: Displays of Brilliant Plumage,feathers-displays-of-brilliant-plumage_695,https://books.toscrape.com/catalogue/feathers-displays-of-brilliant-plumage_695/index.html
GBP,True,38.62,1,Fellside,fellside_155,https://books.toscrape.com/catalogue/fellside_155/index.html
GBP,True,21.96,1,Fifty Shades Darker (Fifty Shades #2),fifty-shades-darker-fifty-shades-2_892,https://books.toscrape.com/catalogue/fifty-shades-darker-fifty-shades-2_892/index.html
GBP,True,15.36,5,Fifty Shades Freed (Fifty Shades #3),fifty-shades-freed-fifty-shades-3_156,https://books.toscrape.com/catalogue/fifty-shades-freed-fifty-shades-3_156/index.html
GBP,True,39.24,3,Fighting Fate (Fighting #6),fighting-fate-fighting-6_18,https://books.toscrape.com/catalogue/fighting-fate-fighting-6_18/index.html
GBP,True,22.37,1,Find Her (Detective D.D. Warren #8),find-her-detective-dd-warren-8_373,https://books.toscrape.com/catalogue/find-her-detective-dd-warren-8_373/index.html
GBP,True,53.53,5,Finders Keepers (Bill Hodges Trilogy #2),finders-keepers-bill-hodges-trilogy-2_807,https://books.toscrape.com/catalogue/finders-keepers-bill-hodges-trilogy-2_807/index.html
GBP,True,46.64,2,Finding God in the Ruins: How God Redeems Pain,finding-god-in-the-ruins-how-god-redeems-pain_466,https://books.toscrape.com/catalogue/finding-god-in-the-ruins-how-god-redeems-pain_466/index.html
GBP,True,21.28,4,Fire Bound (Sea Haven/Sisters of the Heart #5),fire-bound-sea-havensisters-of-the-heart-5_157,https://books.toscrape.com/catalogue/fire-bound-sea-havensisters-of-the-heart-5_157/index.html
GBP,True,15.97,4,First and First (Five Boroughs #3),first-and-first-five-boroughs-3_893,https://books.toscrape.com/catalogue/first-and-first-five-boroughs-3_893/index.html
GBP,True,29.00,1,First Steps for New Christians (Print Edition),first-steps-for-new-christians-print-edition_808,https://books.toscrape.com/catalogue/first-steps-for-new-christians-print-edition_808/index.html
GBP,True,21.36,1,Follow You Home,follow-you-home_809,https://books.toscrape.com/catalogue/follow-you-home_809/index.html
GBP,True,16.96,1,Fool Me Once,fool-me-once_374,https://books.toscrape.com/catalogue/fool-me-once_374/index.html
GBP,True,30.52,3,"Foolproof Preserving: A Guide to Small Batch Jams, Jellies, Pickles, Condiments, and More: A Foolproof Guide to Making Small Batch Jams, Jellies, Pickles, Condiments, and More",foolproof-preserving-a-guide-to-small-batch-jams-jellies-pickles-condiments-and-more-a-foolproof-guide-to-making-small-batch-jams-jellies-pickles-condiments-and-more_978,https://books.toscrape.com/catalogue/foolproof-preserving-a-guide-to-small-batch-jams-jellies-pickles-condiments-and-more-a-foolproof-guide-to-making-small-batch-jams-jellies-pickles-condiments-and-more_978/index.html
GBP,True,45.13,3,For the Love: Fighting for Grace in a World of Impossible Standards,for-the-love-fighting-for-grace-in-a-world-of-impossible-standards_467,https://books.toscrape.com/catalogue/for-the-love-fighting-for-grace-in-a-world-of-impossible-standards_467/index.html
GBP,True,29.69,3,Forever and Forever: The Courtship of Henry Longfellow and Fanny Appleton,forever-and-forever-the-courtship-of-henry-longfellow-and-fanny-appleton_894,https://books.toscrape.com/catalogue/forever-and-forever-the-courtship-of-henry-longfellow-and-fanny-appleton_894/index.html
GBP,True,28.80,3,Forever Rockers (The Rocker #12),forever-rockers-the-rocker-12_19,https://books.toscrape.com/catalogue/forever-rockers-the-rocker-12_19/index.html
GBP,True,32.42,1,Foundation (Foundation (Publication Order) #1),foundation-foundation-publication-order-1_375,https://books.toscrape.com/catalogue/foundation-foundation-publication-order-1_375/index.html
GBP,True,38.00,2,Frankenstein,frankenstein_20,https://books.toscrape.com/catalogue/frankenstein_20/index.html
GBP,True,51.22,3,"Friday Night Lights: A Town, a Team, and a Dream",friday-night-lights-a-town-a-team-and-a-dream_158,https://books.toscrape.com/catalogue/friday-night-lights-a-town-a-team-and-a-dream_158/index.html
GBP,True,29.99,5,Frostbite (Vampire Academy #2),frostbite-vampire-academy-2_810,https://books.toscrape.com/catalogue/frostbite-vampire-academy-2_810/index.html
GBP,True,40.28,5,"Fruits Basket, Vol. 1 (Fruits Basket #1)",fruits-basket-vol-1-fruits-basket-1_21,https://books.toscrape.com/catalogue/fruits-basket-vol-1-fruits-basket-1_21/index.html
GBP,True,11.64,5,"Fruits Basket, Vol. 2 (Fruits Basket #2)",fruits-basket-vol-2-fruits-basket-2_100,https://books.toscrape.com/catalogue/fruits-basket-vol-2-fruits-basket-2_100/index.html
GBP,True,45.17,2,"Fruits Basket, Vol. 3 (Fruits Basket #3)",fruits-basket-vol-3-fruits-basket-3_159,https://books.toscrape.com/catalogue/fruits-basket-vol-3-fruits-basket-3_159/index.html
GBP,True,50.44,4,"Fruits Basket, Vol. 4 (Fruits Basket #4)",fruits-basket-vol-4-fruits-basket-4_321,https://books.toscrape.com/catalogue/fruits-basket-vol-4-fruits-basket-4_321/index.html
GBP,True,16.33,1,"Fruits Basket, Vol. 5 (Fruits Basket #5)",fruits-basket-vol-5-fruits-basket-5_376,https://books.toscrape.com/catalogue/fruits-basket-vol-5-fruits-basket-5_376/index.html
GBP,True,20.96,4,"Fruits Basket, Vol. 6 (Fruits Basket #6)",fruits-basket-vol-6-fruits-basket-6_427,https://books.toscrape.com/catalogue/fruits-basket-vol-6-fruits-basket-6_427/index.html
GBP,True,19.57,1,"Fruits Basket, Vol. 7 (Fruits Basket #7)",fruits-basket-vol-7-fruits-basket-7_468,https://books.toscrape.com/catalogue/fruits-basket-vol-7-fruits-basket-7_468/index.html
GBP,True,33.95,4,"Fruits Basket, Vol. 9 (Fruits Basket #9)",fruits-basket-vol-9-fruits-basket-9_563,https://books.toscrape.com/catalogue/fruits-basket-vol-9-fruits-basket-9_563/index.html
GBP,True,49.43,4,Full Moon over Noah’s Ark: An Odyssey to Mount Ararat and Beyond,full-moon-over-noahs-ark-an-odyssey-to-mount-ararat-and-beyond_811,https://books.toscrape.com/catalogue/full-moon-over-noahs-ark-an-odyssey-to-mount-ararat-and-beyond_811/index.html
GBP,True,56.59,4,Fun Home: A Family Tragicomic,fun-home-a-family-tragicomic_428,https://books.toscrape.com/catalogue/fun-home-a-family-tragicomic_428/index.html
GBP,True,41.46,4,Furiously Happy: A Funny Book About Horrible Things,furiously-happy-a-funny-book-about-horrible-things_619,https://books.toscrape.com/catalogue/furiously-happy-a-funny-book-about-horrible-things_619/index.html
GBP,True,55.65,5,Future Shock (Future Shock #1),future-shock-future-shock-1_519,https://books.toscrape.com/catalogue/future-shock-future-shock-1_519/index.html
GBP,True,56.76,4,"Giant Days, Vol. 1 (Giant Days #1-4)",giant-days-vol-1-giant-days-1-4_22,https://books.toscrape.com/catalogue/giant-days-vol-1-giant-days-1-4_22/index.html
GBP,True,22.11,2,"Giant Days, Vol. 2 (Giant Days #5-8)",giant-days-vol-2-giant-days-5-8_895,https://books.toscrape.com/catalogue/giant-days-vol-2-giant-days-5-8_895/index.html
GBP,True,46.83,2,Girl in the Blue Coat,girl-in-the-blue-coat_160,https://books.toscrape.com/catalogue/girl-in-the-blue-coat_160/index.html
GBP,True,42.14,3,"Girl, Interrupted",girl-interrupted_429,https://books.toscrape.com/catalogue/girl-interrupted_429/index.html
GBP,True,53.47,1,Girl Online On Tour (Girl Online #2),girl-online-on-tour-girl-online-2_101,https://books.toscrape.com/catalogue/girl-online-on-tour-girl-online-2_101/index.html
GBP,True,26.77,1,Girl With a Pearl Earring,girl-with-a-pearl-earring_322,https://books.toscrape.com/catalogue/girl-with-a-pearl-earring_322/index.html
GBP,True,50.96,1,#GIRLBOSS,girlboss_113,https://books.toscrape.com/catalogue/girlboss_113/index.html
GBP,True,18.32,2,Give It Back,give-it-back_430,https://books.toscrape.com/catalogue/give-it-back_430/index.html
GBP,True,45.84,3,Glory over Everything: Beyond The Kitchen House,glory-over-everything-beyond-the-kitchen-house_696,https://books.toscrape.com/catalogue/glory-over-everything-beyond-the-kitchen-house_696/index.html
GBP,True,27.80,1,God Is Not Great: How Religion Poisons Everything,god-is-not-great-how-religion-poisons-everything_323,https://books.toscrape.com/catalogue/god-is-not-great-how-religion-poisons-everything_323/index.html
GBP,True,30.03,5,God: The Most Unpleasant Character in All Fiction,god-the-most-unpleasant-character-in-all-fiction_697,https://books.toscrape.com/catalogue/god-the-most-unpleasant-character-in-all-fiction_697/index.html
GBP,True,42.21,4,Golden (Heart of Dread #3),golden-heart-of-dread-3_161,https://books.toscrape.com/catalogue/golden-heart-of-dread-3_161/index.html
GBP,True,37.60,5,Gone Girl,gone-girl_162,https://books.toscrape.com/catalogue/gone-girl_162/index.html
GBP,True,32.49,3,Gone with the Wind,gone-with-the-wind_324,https://books.toscrape.com/catalogue/gone-with-the-wind_324/index.html
GBP,True,37.05,5,Good in Bed (Cannie Shapiro #1),good-in-bed-cannie-shapiro-1_469,https://books.toscrape.com/catalogue/good-in-bed-cannie-shapiro-1_469/index.html
GBP,True,26.66,5,Gratitude,gratitude_163,https://books.toscrape.com/catalogue/gratitude_163/index.html
GBP,True,42.72,1,"Grayson, Vol 3: Nemesis (Grayson #3)",grayson-vol-3-nemesis-grayson-3_164,https://books.toscrape.com/catalogue/grayson-vol-3-nemesis-grayson-3_164/index.html
GBP,True,10.23,5,Greek Mythic History,greek-mythic-history_698,https://books.toscrape.com/catalogue/greek-mythic-history_698/index.html
GBP,True,10.79,4,Green Eggs and Ham (Beginner Books B-16),green-eggs-and-ham-beginner-books-b-16_165,https://books.toscrape.com/catalogue/green-eggs-and-ham-beginner-books-b-16_165/index.html
GBP,True,48.49,4,Grey (Fifty Shades #4),grey-fifty-shades-4_592,https://books.toscrape.com/catalogue/grey-fifty-shades-4_592/index.html
GBP,True,22.16,2,Grumbles,grumbles_812,https://books.toscrape.com/catalogue/grumbles_812/index.html
GBP,True,57.42,5,H is for Hawk,h-is-for-hawk_102,https://books.toscrape.com/catalogue/h-is-for-hawk_102/index.html
GBP,True,58.79,3,Hamilton: The Revolution,hamilton-the-revolution_699,https://books.toscrape.com/catalogue/hamilton-the-revolution_699/index.html
GBP,True,14.74,1,Harry Potter and the Chamber of Secrets (Harry Potter #2),harry-potter-and-the-chamber-of-secrets-harry-potter-2_325,https://books.toscrape.com/catalogue/harry-potter-and-the-chamber-of-secrets-harry-potter-2_325/index.html
GBP,True,23.32,1,Harry Potter and the Deathly Hallows (Harry Potter #7),harry-potter-and-the-deathly-hallows-harry-potter-7_377,https://books.toscrape.com/catalogue/harry-potter-and-the-deathly-hallows-harry-potter-7_377/index.html
GBP,True,48.75,5,Harry Potter and the Half-Blood Prince (Harry Potter #6),harry-potter-and-the-half-blood-prince-harry-potter-6_326,https://books.toscrape.com/catalogue/harry-potter-and-the-half-blood-prince-harry-potter-6_326/index.html
GBP,True,31.63,4,Harry Potter and the Order of the Phoenix (Harry Potter #5),harry-potter-and-the-order-of-the-phoenix-harry-potter-5_327,https://books.toscrape.com/catalogue/harry-potter-and-the-order-of-the-phoenix-harry-potter-5_327/index.html
GBP,True,24.17,4,Harry Potter and the Prisoner of Azkaban (Harry Potter #3),harry-potter-and-the-prisoner-of-azkaban-harry-potter-3_328,https://books.toscrape.com/catalogue/harry-potter-and-the-prisoner-of-azkaban-harry-potter-3_328/index.html
GBP,True,13.90,3,Harry Potter and the Sorcerer's Stone (Harry Potter #1),harry-potter-and-the-sorcerers-stone-harry-potter-1_329,https://books.toscrape.com/catalogue/harry-potter-and-the-sorcerers-stone-harry-potter-1_329/index.html
GBP,True,34.96,4,Having the Barbarian's Baby (Ice Planet Barbarians #7.5),having-the-barbarians-baby-ice-planet-barbarians-75_23,https://books.toscrape.com/catalogue/having-the-barbarians-baby-ice-planet-barbarians-75_23/index.html
GBP,True,45.24,3,"Hawkeye, Vol. 1: My Life as a Weapon (Hawkeye #1)",hawkeye-vol-1-my-life-as-a-weapon-hawkeye-1_24,https://books.toscrape.com/catalogue/hawkeye-vol-1-my-life-as-a-weapon-hawkeye-1_24/index.html
GBP,True,52.86,2,Heaven is for Real: A Little Boy's Astounding Story of His Trip to Heaven and Back,heaven-is-for-real-a-little-boys-astounding-story-of-his-trip-to-heaven-and-back_520,https://books.toscrape.com/catalogue/heaven-is-for-real-a-little-boys-astounding-story-of-his-trip-to-heaven-and-back_520/index.html
GBP,True,44.07,4,Heir to the Sky,heir-to-the-sky_166,https://books.toscrape.com/catalogue/heir-to-the-sky_166/index.html
GBP,True,33.97,1,Her Backup Boyfriend (The Sorensen Family #1),her-backup-boyfriend-the-sorensen-family-1_896,https://books.toscrape.com/catalogue/her-backup-boyfriend-the-sorensen-family-1_896/index.html
GBP,True,11.84,1,Hide Away (Eve Duncan #20),hide-away-eve-duncan-20_620,https://books.toscrape.com/catalogue/hide-away-eve-duncan-20_620/index.html
GBP,True,23.11,5,#HigherSelfie: Wake Up Your Life. Free Your Soul. Find Your Tribe.,higherselfie-wake-up-your-life-free-your-soul-find-your-tribe_957,https://books.toscrape.com/catalogue/higherselfie-wake-up-your-life-free-your-soul-find-your-tribe_957/index.html
GBP,True,10.29,4,History of Beauty,history-of-beauty_521,https://books.toscrape.com/catalogue/history-of-beauty_521/index.html
GBP,True,28.82,1,Hold Your Breath (Search and Rescue #1),hold-your-breath-search-and-rescue-1_700,https://books.toscrape.com/catalogue/hold-your-breath-search-and-rescue-1_700/index.html
GBP,True,51.07,2,Holidays on Ice,holidays-on-ice_167,https://books.toscrape.com/catalogue/holidays-on-ice_167/index.html
GBP,True,42.98,1,Hollow City (Miss Peregrine’s Peculiar Children #2),hollow-city-miss-peregrines-peculiar-children-2_813,https://books.toscrape.com/catalogue/hollow-city-miss-peregrines-peculiar-children-2_813/index.html
GBP,True,37.52,2,Horrible Bear!,horrible-bear_168,https://books.toscrape.com/catalogue/horrible-bear_168/index.html
GBP,True,54.89,1,House of Leaves,house-of-leaves_169,https://books.toscrape.com/catalogue/house-of-leaves_169/index.html
GBP,True,43.70,2,"House of Lost Worlds: Dinosaurs, Dynasties, and the Story of Life on Earth",house-of-lost-worlds-dinosaurs-dynasties-and-the-story-of-life-on-earth_170,https://books.toscrape.com/catalogue/house-of-lost-worlds-dinosaurs-dynasties-and-the-story-of-life-on-earth_170/index.html
GBP,True,37.32,2,How Music Works,how-music-works_979,https://books.toscrape.com/catalogue/how-music-works_979/index.html
GBP,True,28.25,2,How to Be a Domestic Goddess: Baking and the Art of Comfort Cooking,how-to-be-a-domestic-goddess-baking-and-the-art-of-comfort-cooking_470,https://books.toscrape.com/catalogue/how-to-be-a-domestic-goddess-baking-and-the-art-of-comfort-cooking_470/index.html
GBP,True,46.03,1,How to Be Miserable: 40 Strategies You Already Use,how-to-be-miserable-40-strategies-you-already-use_897,https://books.toscrape.com/catalogue/how-to-be-miserable-40-strategies-you-already-use_897/index.html
GBP,True,46.01,4,How to Cook Everything Vegetarian: Simple Meatless Recipes for Great Food (How to Cook Everything),how-to-cook-everything-vegetarian-simple-meatless-recipes-for-great-food-how-to-cook-everything_471,https://books.toscrape.com/catalogue/how-to-cook-everything-vegetarian-simple-meatless-recipes-for-great-food-how-to-cook-everything_471/index.html
GBP,True,58.32,5,How to Speak Golf: An Illustrated Guide to Links Lingo,how-to-speak-golf-an-illustrated-guide-to-links-lingo_621,https://books.toscrape.com/catalogue/how-to-speak-golf-an-illustrated-guide-to-links-lingo_621/index.html
GBP,True,46.49,5,How to Stop Worrying and Start Living,how-to-stop-worrying-and-start-living_431,https://books.toscrape.com/catalogue/how-to-stop-worrying-and-start-living_431/index.html
GBP,True,40.45,2,Howl and Other Poems,howl-and-other-poems_522,https://books.toscrape.com/catalogue/howl-and-other-poems_522/index.html
GBP,True,33.14,3,Hungry Girl Clean & Hungry: Easy All-Natural Recipes for Healthy Eating in the Real World,hungry-girl-clean-hungry-easy-all-natural-recipes-for-healthy-eating-in-the-real-world_171,https://books.toscrape.com/catalogue/hungry-girl-clean-hungry-easy-all-natural-recipes-for-healthy-eating-in-the-real-world_171/index.html
GBP,True,47.02,3,"Hush, Hush (Hush, Hush #1)",hush-hush-hush-hush-1_701,https://books.toscrape.com/catalogue/hush-hush-hush-hush-1_701/index.html
GBP,True,14.75,5,"Hyperbole and a Half: Unfortunate Situations, Flawed Coping Mechanisms, Mayhem, and Other Things That Happened",hyperbole-and-a-half-unfortunate-situations-flawed-coping-mechanisms-mayhem-and-other-things-that-happened_702,https://books.toscrape.com/catalogue/hyperbole-and-a-half-unfortunate-situations-flawed-coping-mechanisms-mayhem-and-other-things-that-happened_702/index.html
GBP,True,21.96,4,Hystopia: A Novel,hystopia-a-novel_523,https://books.toscrape.com/catalogue/hystopia-a-novel_523/index.html
GBP,True,54.63,3,I am a Hero Omnibus Volume 1,i-am-a-hero-omnibus-volume-1_898,https://books.toscrape.com/catalogue/i-am-a-hero-omnibus-volume-1_898/index.html
GBP,True,28.88,2,I Am Malala: The Girl Who Stood Up for Education and Was Shot by the Taliban,i-am-malala-the-girl-who-stood-up-for-education-and-was-shot-by-the-taliban_172,https://books.toscrape.com/catalogue/i-am-malala-the-girl-who-stood-up-for-education-and-was-shot-by-the-taliban_172/index.html
GBP,True,10.60,4,I Am Pilgrim (Pilgrim #1),i-am-pilgrim-pilgrim-1_703,https://books.toscrape.com/catalogue/i-am-pilgrim-pilgrim-1_703/index.html
GBP,True,57.36,4,I Had a Nice Time And Other Lies...: How to find love & sh*t like that,i-had-a-nice-time-and-other-lies-how-to-find-love-sht-like-that_814,https://books.toscrape.com/catalogue/i-had-a-nice-time-and-other-lies-how-to-find-love-sht-like-that_814/index.html
GBP,True,29.17,2,"I Hate Fairyland, Vol. 1: Madly Ever After (I Hate Fairyland (Compilations) #1-5)",i-hate-fairyland-vol-1-madly-ever-after-i-hate-fairyland-compilations-1-5_899,https://books.toscrape.com/catalogue/i-hate-fairyland-vol-1-madly-ever-after-i-hate-fairyland-compilations-1-5_899/index.html
GBP,True,25.98,4,I Know What I'm Doing -- and Other Lies I Tell Myself: Dispatches from a Life Under Construction,i-know-what-im-doing-and-other-lies-i-tell-myself-dispatches-from-a-life-under-construction_704,https://books.toscrape.com/catalogue/i-know-what-im-doing-and-other-lies-i-tell-myself-dispatches-from-a-life-under-construction_704/index.html
GBP,True,36.55,2,I Know Why the Caged Bird Sings (Maya Angelou's Autobiography #1),i-know-why-the-caged-bird-sings-maya-angelous-autobiography-1_378,https://books.toscrape.com/catalogue/i-know-why-the-caged-bird-sings-maya-angelous-autobiography-1_378/index.html
GBP,True,44.21,1,I Will Find You,i-will-find-you_524,https://books.toscrape.com/catalogue/i-will-find-you_524/index.html
GBP,True,40.44,4,Icing (Aces Hockey #2),icing-aces-hockey-2_25,https://books.toscrape.com/catalogue/icing-aces-hockey-2_25/index.html
GBP,True,20.91,1,If I Gave You God's Phone Number....: Searching for Spirituality in America,if-i-gave-you-gods-phone-number-searching-for-spirituality-in-america_564,https://books.toscrape.com/catalogue/if-i-gave-you-gods-phone-number-searching-for-spirituality-in-america_564/index.html
GBP,True,49.97,4,If I Run (If I Run #1),if-i-run-if-i-run-1_174,https://books.toscrape.com/catalogue/if-i-run-if-i-run-1_174/index.html
GBP,True,38.13,5,If I Stay (If I Stay #1),if-i-stay-if-i-stay-1_379,https://books.toscrape.com/catalogue/if-i-stay-if-i-stay-1_379/index.html
GBP,True,56.48,1,I'll Give You the Sun,ill-give-you-the-sun_525,https://books.toscrape.com/catalogue/ill-give-you-the-sun_525/index.html
GBP,True,57.36,5,Immunity: How Elie Metchnikoff Changed the Course of Modern Medicine,immunity-how-elie-metchnikoff-changed-the-course-of-modern-medicine_900,https://books.toscrape.com/catalogue/immunity-how-elie-metchnikoff-changed-the-course-of-modern-medicine_900/index.html
GBP,True,34.74,4,Imperfect Harmony,imperfect-harmony_26,https://books.toscrape.com/catalogue/imperfect-harmony_26/index.html
GBP,True,19.63,1,"In a Dark, Dark Wood",in-a-dark-dark-wood_963,https://books.toscrape.com/catalogue/in-a-dark-dark-wood_963/index.html
GBP,True,49.98,4,In Cold Blood,in-cold-blood_432,https://books.toscrape.com/catalogue/in-cold-blood_432/index.html
GBP,True,12.84,1,In Her Wake,in-her-wake_980,https://books.toscrape.com/catalogue/in-her-wake_980/index.html
GBP,True,22.00,4,In the Country We Love: My Family Divided,in-the-country-we-love-my-family-divided_901,https://books.toscrape.com/catalogue/in-the-country-we-love-my-family-divided_901/index.html
GBP,True,28.85,3,"In the Garden of Beasts: Love, Terror, and an American Family in Hitler's Berlin",in-the-garden-of-beasts-love-terror-and-an-american-family-in-hitlers-berlin_175,https://books.toscrape.com/catalogue/in-the-garden-of-beasts-love-terror-and-an-american-family-in-hitlers-berlin_175/index.html
GBP,True,38.38,2,In the Woods (Dublin Murder Squad #1),in-the-woods-dublin-murder-squad-1_433,https://books.toscrape.com/catalogue/in-the-woods-dublin-murder-squad-1_433/index.html
GBP,True,41.00,5,Inferno (Robert Langdon #4),inferno-robert-langdon-4_176,https://books.toscrape.com/catalogue/inferno-robert-langdon-4_176/index.html
GBP,True,56.70,5,Into the Wild,into-the-wild_177,https://books.toscrape.com/catalogue/into-the-wild_177/index.html
GBP,True,20.11,3,Is Everyone Hanging Out Without Me? (And Other Concerns),is-everyone-hanging-out-without-me-and-other-concerns_178,https://books.toscrape.com/catalogue/is-everyone-hanging-out-without-me-and-other-concerns_178/index.html
GBP,True,48.13,5,Isla and the Happily Ever After (Anna and the French Kiss #3),isla-and-the-happily-ever-after-anna-and-the-french-kiss-3_380,https://books.toscrape.com/catalogue/isla-and-the-happily-ever-after-anna-and-the-french-kiss-3_380/index.html
GBP,True,29.65,1,Island of Dragons (Unwanteds #7),island-of-dragons-unwanteds-7_705,https://books.toscrape.com/catalogue/island-of-dragons-unwanteds-7_705/index.html
GBP,True,56.27,3,It Didn't Start with You: How Inherited Family Trauma Shapes Who We Are and How to End the Cycle,it-didnt-start-with-you-how-inherited-family-trauma-shapes-who-we-are-and-how-to-end-the-cycle_593,https://books.toscrape.com/catalogue/it-didnt-start-with-you-how-inherited-family-trauma-shapes-who-we-are-and-how-to-end-the-cycle_593/index.html
GBP,True,25.01,3,It,it_330,https://books.toscrape.com/catalogue/it_330/index.html
GBP,True,19.55,1,"It's All Easy: Healthy, Delicious Weeknight Meals in under 30 Minutes",its-all-easy-healthy-delicious-weeknight-meals-in-under-30-minutes_706,https://books.toscrape.com/catalogue/its-all-easy-healthy-delicious-weeknight-meals-in-under-30-minutes_706/index.html
GBP,True,42.38,1,It's Never Too Late to Begin Again: Discovering Creativity and Meaning at Midlife and Beyond,its-never-too-late-to-begin-again-discovering-creativity-and-meaning-at-midlife-and-beyond_179,https://books.toscrape.com/catalogue/its-never-too-late-to-begin-again-discovering-creativity-and-meaning-at-midlife-and-beyond_179/index.html
GBP,True,45.17,2,It's Only the Himalayas,its-only-the-himalayas_981,https://books.toscrape.com/catalogue/its-only-the-himalayas_981/index.html
GBP,True,19.69,1,I've Got Your Number,ive-got-your-number_173,https://books.toscrape.com/catalogue/ive-got-your-number_173/index.html
GBP,True,38.43,5,Jane Eyre,jane-eyre_27,https://books.toscrape.com/catalogue/jane-eyre_27/index.html
GBP,True,57.43,4,John Adams,john-adams_472,https://books.toscrape.com/catalogue/john-adams_472/index.html
GBP,True,20.22,4,John Vassos: Industrial Design for Modern Life,john-vassos-industrial-design-for-modern-life_526,https://books.toscrape.com/catalogue/john-vassos-industrial-design-for-modern-life_526/index.html
GBP,True,35.67,5,Join,join_902,https://books.toscrape.com/catalogue/join_902/index.html
GBP,True,53.90,2,Judo: Seven Steps to Black Belt (an Introductory Guide for Beginners),judo-seven-steps-to-black-belt-an-introductory-guide-for-beginners_903,https://books.toscrape.com/catalogue/judo-seven-steps-to-black-belt-an-introductory-guide-for-beginners_903/index.html
GBP,True,44.97,1,Jurassic Park (Jurassic Park #1),jurassic-park-jurassic-park-1_180,https://books.toscrape.com/catalogue/jurassic-park-jurassic-park-1_180/index.html
GBP,True,20.46,4,Keep Me Posted,keep-me-posted_594,https://books.toscrape.com/catalogue/keep-me-posted_594/index.html
GBP,True,47.13,1,Kierkegaard: A Christian Missionary to Christians,kierkegaard-a-christian-missionary-to-christians_527,https://books.toscrape.com/catalogue/kierkegaard-a-christian-missionary-to-christians_527/index.html
GBP,True,45.05,5,Kill 'Em and Leave: Searching for James Brown and the American Soul,kill-em-and-leave-searching-for-james-brown-and-the-american-soul_528,https://books.toscrape.com/catalogue/kill-em-and-leave-searching-for-james-brown-and-the-american-soul_528/index.html
GBP,True,15.52,5,Kill the Boy Band,kill-the-boy-band_381,https://books.toscrape.com/catalogue/kill-the-boy-band_381/index.html
GBP,True,31.49,4,Killing Floor (Jack Reacher #1),killing-floor-jack-reacher-1_382,https://books.toscrape.com/catalogue/killing-floor-jack-reacher-1_382/index.html
GBP,True,34.00,3,Kindle Paperwhite User's Guide,kindle-paperwhite-users-guide_103,https://books.toscrape.com/catalogue/kindle-paperwhite-users-guide_103/index.html
GBP,True,39.61,5,King's Folly (The Kinsman Chronicles #1),kings-folly-the-kinsman-chronicles-1_473,https://books.toscrape.com/catalogue/kings-folly-the-kinsman-chronicles-1_473/index.html
GBP,True,57.20,5,Kitchens of the Great Midwest,kitchens-of-the-great-midwest_28,https://books.toscrape.com/catalogue/kitchens-of-the-great-midwest_28/index.html
GBP,True,40.85,1,Lab Girl,lab-girl_595,https://books.toscrape.com/catalogue/lab-girl_595/index.html
GBP,True,16.28,5,Lady Midnight (The Dark Artifices #1),lady-midnight-the-dark-artifices-1_707,https://books.toscrape.com/catalogue/lady-midnight-the-dark-artifices-1_707/index.html
GBP,True,53.04,5,Lady Renegades (Rebel Belle #3),lady-renegades-rebel-belle-3_181,https://books.toscrape.com/catalogue/lady-renegades-rebel-belle-3_181/index.html
GBP,True,55.50,5,"Lamb: The Gospel According to Biff, Christ's Childhood Pal",lamb-the-gospel-according-to-biff-christs-childhood-pal_182,https://books.toscrape.com/catalogue/lamb-the-gospel-according-to-biff-christs-childhood-pal_182/index.html
GBP,True,19.15,2,Large Print Heart of the Pride,large-print-heart-of-the-pride_815,https://books.toscrape.com/catalogue/large-print-heart-of-the-pride_815/index.html
GBP,True,59.98,3,Last One Home (New Beginnings #1),last-one-home-new-beginnings-1_383,https://books.toscrape.com/catalogue/last-one-home-new-beginnings-1_383/index.html
GBP,True,40.11,1,"Layered: Baking, Building, and Styling Spectacular Cakes",layered-baking-building-and-styling-spectacular-cakes_904,https://books.toscrape.com/catalogue/layered-baking-building-and-styling-spectacular-cakes_904/index.html
GBP,True,25.02,1,"Lean In: Women, Work, and the Will to Lead",lean-in-women-work-and-the-will-to-lead_183,https://books.toscrape.com/catalogue/lean-in-women-work-and-the-will-to-lead_183/index.html
GBP,True,51.17,5,Leave This Song Behind: Teen Poetry at Its Best,leave-this-song-behind-teen-poetry-at-its-best_474,https://books.toscrape.com/catalogue/leave-this-song-behind-teen-poetry-at-its-best_474/index.html
GBP,True,40.72,2,Left Behind (Left Behind #1),left-behind-left-behind-1_529,https://books.toscrape.com/catalogue/left-behind-left-behind-1_529/index.html
GBP,True,43.69,4,Legend (Legend #1),legend-legend-1_184,https://books.toscrape.com/catalogue/legend-legend-1_184/index.html
GBP,True,29.04,5,Les Fleurs du Mal,les-fleurs-du-mal_530,https://books.toscrape.com/catalogue/les-fleurs-du-mal_530/index.html
GBP,True,26.79,5,Let It Out: A Journey Through Journaling,let-it-out-a-journey-through-journaling_708,https://books.toscrape.com/catalogue/let-it-out-a-journey-through-journaling_708/index.html
GBP,True,45.11,1,Let's Pretend This Never Happened: A Mostly True Memoir,lets-pretend-this-never-happened-a-mostly-true-memoir_185,https://books.toscrape.com/catalogue/lets-pretend-this-never-happened-a-mostly-true-memoir_185/index.html
GBP,True,22.20,1,Letter to a Christian Nation,letter-to-a-christian-nation_186,https://books.toscrape.com/catalogue/letter-to-a-christian-nation_186/index.html
GBP,True,51.33,2,Libertarianism for Beginners,libertarianism-for-beginners_982,https://books.toscrape.com/catalogue/libertarianism-for-beginners_982/index.html
GBP,True,48.56,5,Library of Souls (Miss Peregrine’s Peculiar Children #3),library-of-souls-miss-peregrines-peculiar-children-3_816,https://books.toscrape.com/catalogue/library-of-souls-miss-peregrines-peculiar-children-3_816/index.html
GBP,True,45.14,1,Lies and Other Acts of Love,lies-and-other-acts-of-love_596,https://books.toscrape.com/catalogue/lies-and-other-acts-of-love_596/index.html
GBP,True,26.13,2,Life After Life,life-after-life_187,https://books.toscrape.com/catalogue/life-after-life_187/index.html
GBP,True,13.22,4,Life of Pi,life-of-pi_475,https://books.toscrape.com/catalogue/life-of-pi_475/index.html
GBP,True,33.26,2,"Life, the Universe and Everything (Hitchhiker's Guide to the Galaxy #3)",life-the-universe-and-everything-hitchhikers-guide-to-the-galaxy-3_189,https://books.toscrape.com/catalogue/life-the-universe-and-everything-hitchhikers-guide-to-the-galaxy-3_189/index.html
GBP,True,59.04,5,Life Without a Recipe,life-without-a-recipe_188,https://books.toscrape.com/catalogue/life-without-a-recipe_188/index.html
GBP,True,31.58,5,Life,life_104,https://books.toscrape.com/catalogue/life_104/index.html
GBP,True,28.77,2,Like Never Before (Walker Family #2),like-never-before-walker-family-2_476,https://books.toscrape.com/catalogue/like-never-before-walker-family-2_476/index.html
GBP,True,12.47,3,Lila (Gilead #3),lila-gilead-3_190,https://books.toscrape.com/catalogue/lila-gilead-3_190/index.html
GBP,True,17.28,2,Lilac Girls,lilac-girls_597,https://books.toscrape.com/catalogue/lilac-girls_597/index.html
GBP,True,58.99,3,Listen to Me (Fusion #1),listen-to-me-fusion-1_29,https://books.toscrape.com/catalogue/listen-to-me-fusion-1_29/index.html
GBP,True,13.47,3,Little Red,little-red_817,https://books.toscrape.com/catalogue/little-red_817/index.html
GBP,True,28.07,4,Little Women (Little Women #1),little-women-little-women-1_331,https://books.toscrape.com/catalogue/little-women-little-women-1_331/index.html
GBP,True,12.55,3,Living Forward: A Proven Plan to Stop Drifting and Get the Life You Want,living-forward-a-proven-plan-to-stop-drifting-and-get-the-life-you-want_531,https://books.toscrape.com/catalogue/living-forward-a-proven-plan-to-stop-drifting-and-get-the-life-you-want_531/index.html
GBP,True,46.91,4,"Living Leadership by Insight: A Good Leader Achieves, a Great Leader Builds Monuments",living-leadership-by-insight-a-good-leader-achieves-a-great-leader-builds-monuments_709,https://books.toscrape.com/catalogue/living-leadership-by-insight-a-good-leader-achieves-a-great-leader-builds-monuments_709/index.html
GBP,True,13.12,2,Logan Kade (Fallen Crest High #5.5),logan-kade-fallen-crest-high-55_384,https://books.toscrape.com/catalogue/logan-kade-fallen-crest-high-55_384/index.html
GBP,True,23.63,4,Lola and the Boy Next Door (Anna and the French Kiss #2),lola-and-the-boy-next-door-anna-and-the-french-kiss-2_385,https://books.toscrape.com/catalogue/lola-and-the-boy-next-door-anna-and-the-french-kiss-2_385/index.html
GBP,True,29.14,5,Looking for Lovely: Collecting the Moments that Matter,looking-for-lovely-collecting-the-moments-that-matter_710,https://books.toscrape.com/catalogue/looking-for-lovely-collecting-the-moments-that-matter_710/index.html
GBP,True,24.89,3,Lord of the Flies,lord-of-the-flies_30,https://books.toscrape.com/catalogue/lord-of-the-flies_30/index.html
GBP,True,27.70,4,Lost Among the Living,lost-among-the-living_31,https://books.toscrape.com/catalogue/lost-among-the-living_31/index.html
GBP,True,16.85,2,Louisa: The Extraordinary Life of Mrs. Adams,louisa-the-extraordinary-life-of-mrs-adams_818,https://books.toscrape.com/catalogue/louisa-the-extraordinary-life-of-mrs-adams_818/index.html
GBP,True,18.03,1,Love Is a Mix Tape (Music #1),love-is-a-mix-tape-music-1_711,https://books.toscrape.com/catalogue/love-is-a-mix-tape-music-1_711/index.html
GBP,True,20.55,2,"Love, Lies and Spies",love-lies-and-spies_622,https://books.toscrape.com/catalogue/love-lies-and-spies_622/index.html
GBP,True,25.06,2,"Love That Boy: What Two Presidents, Eight Road Trips, and My Son Taught Me About a Parent's Expectations",love-that-boy-what-two-presidents-eight-road-trips-and-my-son-taught-me-about-a-parents-expectations_532,https://books.toscrape.com/catalogue/love-that-boy-what-two-presidents-eight-road-trips-and-my-son-taught-me-about-a-parents-expectations_532/index.html
GBP,True,51.51,2,Lowriders to the Center of the Earth (Lowriders in Space #2),lowriders-to-the-center-of-the-earth-lowriders-in-space-2_712,https://books.toscrape.com/catalogue/lowriders-to-the-center-of-the-earth-lowriders-in-space-2_712/index.html
GBP,True,49.83,3,Luckiest Girl Alive,luckiest-girl-alive_713,https://books.toscrape.com/catalogue/luckiest-girl-alive_713/index.html
GBP,True,53.95,3,Luis Paints the World,luis-paints-the-world_714,https://books.toscrape.com/catalogue/luis-paints-the-world_714/index.html
GBP,True,45.61,3,"Lumberjanes, Vol. 1: Beware the Kitten Holy (Lumberjanes #1-4)",lumberjanes-vol-1-beware-the-kitten-holy-lumberjanes-1-4_906,https://books.toscrape.com/catalogue/lumberjanes-vol-1-beware-the-kitten-holy-lumberjanes-1-4_906/index.html
GBP,True,46.91,2,"Lumberjanes, Vol. 2: Friendship to the Max (Lumberjanes #5-8)",lumberjanes-vol-2-friendship-to-the-max-lumberjanes-5-8_907,https://books.toscrape.com/catalogue/lumberjanes-vol-2-friendship-to-the-max-lumberjanes-5-8_907/index.html
GBP,True,19.92,2,Lumberjanes Vol. 3: A Terrible Plan (Lumberjanes #9-12),lumberjanes-vol-3-a-terrible-plan-lumberjanes-9-12_905,https://books.toscrape.com/catalogue/lumberjanes-vol-3-a-terrible-plan-lumberjanes-9-12_905/index.html
GBP,True,11.87,2,Lust & Wonder,lust-wonder_191,https://books.toscrape.com/catalogue/lust-wonder_191/index.html
GBP,True,27.18,1,M Train,m-train_598,https://books.toscrape.com/catalogue/m-train_598/index.html
GBP,True,38.85,5,Made to Stick: Why Some Ideas Survive and Others Die,made-to-stick-why-some-ideas-survive-and-others-die_715,https://books.toscrape.com/catalogue/made-to-stick-why-some-ideas-survive-and-others-die_715/index.html
GBP,True,14.02,4,"Mama Tried: Traditional Italian Cooking for the Screwed, Crude, Vegan, and Tattooed",mama-tried-traditional-italian-cooking-for-the-screwed-crude-vegan-and-tattooed_908,https://books.toscrape.com/catalogue/mama-tried-traditional-italian-cooking-for-the-screwed-crude-vegan-and-tattooed_908/index.html
GBP,True,29.48,3,Man's Search for Meaning,mans-search-for-meaning_533,https://books.toscrape.com/catalogue/mans-search-for-meaning_533/index.html
GBP,True,34.98,2,Manuscript Found in Accra,manuscript-found-in-accra_192,https://books.toscrape.com/catalogue/manuscript-found-in-accra_192/index.html
GBP,True,56.40,2,Masks and Shadows,masks-and-shadows_909,https://books.toscrape.com/catalogue/masks-and-shadows_909/index.html
GBP,True,28.34,1,Matilda,matilda_32,https://books.toscrape.com/catalogue/matilda_32/index.html
GBP,True,18.02,2,Maude (1883-1993):She Grew Up with the country,maude-1883-1993she-grew-up-with-the-country_964,https://books.toscrape.com/catalogue/maude-1883-1993she-grew-up-with-the-country_964/index.html
GBP,True,22.54,1,Maybe Something Beautiful: How Art Transformed a Neighborhood,maybe-something-beautiful-how-art-transformed-a-neighborhood_386,https://books.toscrape.com/catalogue/maybe-something-beautiful-how-art-transformed-a-neighborhood_386/index.html
GBP,True,19.02,1,Me Before You (Me Before You #1),me-before-you-me-before-you-1_434,https://books.toscrape.com/catalogue/me-before-you-me-before-you-1_434/index.html
GBP,True,57.60,2,Me Talk Pretty One Day,me-talk-pretty-one-day_193,https://books.toscrape.com/catalogue/me-talk-pretty-one-day_193/index.html
GBP,True,25.89,2,Meditations,meditations_33,https://books.toscrape.com/catalogue/meditations_33/index.html
GBP,True,49.67,3,Memoirs of a Geisha,memoirs-of-a-geisha_477,https://books.toscrape.com/catalogue/memoirs-of-a-geisha_477/index.html
GBP,True,48.51,3,Mere Christianity,mere-christianity_435,https://books.toscrape.com/catalogue/mere-christianity_435/index.html
GBP,True,37.59,1,Mesaerion: The Best Science Fiction Stories 1800-1849,mesaerion-the-best-science-fiction-stories-1800-1849_983,https://books.toscrape.com/catalogue/mesaerion-the-best-science-fiction-stories-1800-1849_983/index.html
GBP,True,43.58,3,Meternity,meternity_478,https://books.toscrape.com/catalogue/meternity_478/index.html
GBP,True,24.91,5,Mexican Today: New and Rediscovered Recipes for Contemporary Kitchens,mexican-today-new-and-rediscovered-recipes-for-contemporary-kitchens_387,https://books.toscrape.com/catalogue/mexican-today-new-and-rediscovered-recipes-for-contemporary-kitchens_387/index.html
GBP,True,55.46,2,Midnight Riot (Peter Grant/ Rivers of London - books #1),midnight-riot-peter-grant-rivers-of-london-books-1_194,https://books.toscrape.com/catalogue/midnight-riot-peter-grant-rivers-of-london-books-1_194/index.html
GBP,True,58.54,2,Miller's Valley,millers-valley_534,https://books.toscrape.com/catalogue/millers-valley_534/index.html
GBP,True,57.83,1,"Miracles from Heaven: A Little Girl, Her Journey to Heaven, and Her Amazing Story of Healing",miracles-from-heaven-a-little-girl-her-journey-to-heaven-and-her-amazing-story-of-healing_195,https://books.toscrape.com/catalogue/miracles-from-heaven-a-little-girl-her-journey-to-heaven-and-her-amazing-story-of-healing_195/index.html
GBP,True,34.79,2,Misery,misery_332,https://books.toscrape.com/catalogue/misery_332/index.html
GBP,True,10.76,1,Miss Peregrine’s Home for Peculiar Children (Miss Peregrine’s Peculiar Children #1),miss-peregrines-home-for-peculiar-children-miss-peregrines-peculiar-children-1_819,https://books.toscrape.com/catalogue/miss-peregrines-home-for-peculiar-children-miss-peregrines-peculiar-children-1_819/index.html
GBP,True,20.44,4,Mockingjay (The Hunger Games #3),mockingjay-the-hunger-games-3_333,https://books.toscrape.com/catalogue/mockingjay-the-hunger-games-3_333/index.html
GBP,True,47.44,2,Modern Day Fables,modern-day-fables_565,https://books.toscrape.com/catalogue/modern-day-fables_565/index.html
GBP,True,28.26,5,Modern Romance,modern-romance_820,https://books.toscrape.com/catalogue/modern-romance_820/index.html
GBP,True,37.61,2,More Than Music (Chasing the Dream #1),more-than-music-chasing-the-dream-1_716,https://books.toscrape.com/catalogue/more-than-music-chasing-the-dream-1_716/index.html
GBP,True,29.40,1,Morning Star (Red Rising #3),morning-star-red-rising-3_196,https://books.toscrape.com/catalogue/morning-star-red-rising-3_196/index.html
GBP,True,44.48,5,"""Most Blessed of the Patriarchs"": Thomas Jefferson and the Empire of the Imagination",most-blessed-of-the-patriarchs-thomas-jefferson-and-the-empire-of-the-imagination_509,https://books.toscrape.com/catalogue/most-blessed-of-the-patriarchs-thomas-jefferson-and-the-empire-of-the-imagination_509/index.html
GBP,True,35.28,3,Most Wanted,most-wanted_623,https://books.toscrape.com/catalogue/most-wanted_623/index.html
GBP,True,16.89,5,"Mother, Can You Not?",mother-can-you-not_599,https://books.toscrape.com/catalogue/mother-can-you-not_599/index.html
GBP,True,13.34,2,Mothering Sunday,mothering-sunday_600,https://books.toscrape.com/catalogue/mothering-sunday_600/index.html
GBP,True,28.90,1,Mr. Mercedes (Bill Hodges Trilogy #1),mr-mercedes-bill-hodges-trilogy-1_717,https://books.toscrape.com/catalogue/mr-mercedes-bill-hodges-trilogy-1_717/index.html
GBP,True,30.25,5,Mrs. Houdini,mrs-houdini_821,https://books.toscrape.com/catalogue/mrs-houdini_821/index.html
GBP,True,39.39,4,"Ms. Marvel, Vol. 1: No Normal (Ms. Marvel (2014-2015) #1)",ms-marvel-vol-1-no-normal-ms-marvel-2014-2015-1_34,https://books.toscrape.com/catalogue/ms-marvel-vol-1-no-normal-ms-marvel-2014-2015-1_34/index.html
GBP,True,54.36,4,Murder at the 42nd Street Library (Raymond Ambler #1),murder-at-the-42nd-street-library-raymond-ambler-1_624,https://books.toscrape.com/catalogue/murder-at-the-42nd-street-library-raymond-ambler-1_624/index.html
GBP,True,46.58,1,Musicophilia: Tales of Music and the Brain,musicophilia-tales-of-music-and-the-brain_436,https://books.toscrape.com/catalogue/musicophilia-tales-of-music-and-the-brain_436/index.html
GBP,True,40.36,1,My Kind of Crazy,my-kind-of-crazy_718,https://books.toscrape.com/catalogue/my-kind-of-crazy_718/index.html
GBP,True,11.53,2,My Kitchen Year: 136 Recipes That Saved My Life,my-kitchen-year-136-recipes-that-saved-my-life_646,https://books.toscrape.com/catalogue/my-kitchen-year-136-recipes-that-saved-my-life_646/index.html
GBP,True,36.39,5,My Life Next Door (My Life Next Door ),my-life-next-door-my-life-next-door_535,https://books.toscrape.com/catalogue/my-life-next-door-my-life-next-door_535/index.html
GBP,True,31.63,4,My Mother Was Nuts,my-mother-was-nuts_388,https://books.toscrape.com/catalogue/my-mother-was-nuts_388/index.html
GBP,True,24.48,3,My Mrs. Brown,my-mrs-brown_719,https://books.toscrape.com/catalogue/my-mrs-brown_719/index.html
GBP,True,41.56,1,My Name Is Lucy Barton,my-name-is-lucy-barton_720,https://books.toscrape.com/catalogue/my-name-is-lucy-barton_720/index.html
GBP,True,33.37,2,My Paris Kitchen: Recipes and Stories,my-paris-kitchen-recipes-and-stories_910,https://books.toscrape.com/catalogue/my-paris-kitchen-recipes-and-stories_910/index.html
GBP,True,38.92,2,My Perfect Mistake (Over the Top #1),my-perfect-mistake-over-the-top-1_35,https://books.toscrape.com/catalogue/my-perfect-mistake-over-the-top-1_35/index.html
GBP,True,58.75,4,Myriad (Prentor #1),myriad-prentor-1_36,https://books.toscrape.com/catalogue/myriad-prentor-1_36/index.html
GBP,True,31.69,3,Naked,naked_197,https://books.toscrape.com/catalogue/naked_197/index.html
GBP,True,10.41,4,"NaNo What Now? Finding your editing process, revising your NaNoWriMo book and building a writing career through publishing and beyond",nano-what-now-finding-your-editing-process-revising-your-nanowrimo-book-and-building-a-writing-career-through-publishing-and-beyond_566,https://books.toscrape.com/catalogue/nano-what-now-finding-your-editing-process-revising-your-nanowrimo-book-and-building-a-writing-career-through-publishing-and-beyond_566/index.html
GBP,True,25.08,1,Nap-a-Roo,nap-a-roo_567,https://books.toscrape.com/catalogue/nap-a-roo_567/index.html
GBP,True,38.39,2,"Naruto (3-in-1 Edition), Vol. 14: Includes Vols. 40, 41 & 42 (Naruto: Omnibus #14)",naruto-3-in-1-edition-vol-14-includes-vols-40-41-42-naruto-omnibus-14_721,https://books.toscrape.com/catalogue/naruto-3-in-1-edition-vol-14-includes-vols-40-41-42-naruto-omnibus-14_721/index.html
GBP,True,11.38,5,"Naturally Lean: 125 Nourishing Gluten-Free, Plant-Based Recipes--All Under 300 Calories",naturally-lean-125-nourishing-gluten-free-plant-based-recipes-all-under-300-calories_479,https://books.toscrape.com/catalogue/naturally-lean-125-nourishing-gluten-free-plant-based-recipes-all-under-300-calories_479/index.html
GBP,True,47.51,4,Needful Things,needful-things_334,https://books.toscrape.com/catalogue/needful-things_334/index.html
GBP,True,38.95,3,Neither Here nor There: Travels in Europe,neither-here-nor-there-travels-in-europe_198,https://books.toscrape.com/catalogue/neither-here-nor-there-travels-in-europe_198/index.html
GBP,True,12.86,4,New Moon (Twilight #2),new-moon-twilight-2_105,https://books.toscrape.com/catalogue/new-moon-twilight-2_105/index.html
GBP,True,12.75,4,Night Shift (Night Shift #1-20),night-shift-night-shift-1-20_335,https://books.toscrape.com/catalogue/night-shift-night-shift-1-20_335/index.html
GBP,True,41.05,1,Night Sky with Exit Wounds,night-sky-with-exit-wounds_822,https://books.toscrape.com/catalogue/night-sky-with-exit-wounds_822/index.html
GBP,True,13.51,1,Night (The Night Trilogy #1),night-the-night-trilogy-1_199,https://books.toscrape.com/catalogue/night-the-night-trilogy-1_199/index.html
GBP,True,38.28,1,"Nightingale, Sing",nightingale-sing_823,https://books.toscrape.com/catalogue/nightingale-sing_823/index.html
GBP,True,50.35,4,Nightstruck: A Novel,nightstruck-a-novel_480,https://books.toscrape.com/catalogue/nightstruck-a-novel_480/index.html
GBP,True,21.95,2,No Dream Is Too High: Life Lessons From a Man Who Walked on the Moon,no-dream-is-too-high-life-lessons-from-a-man-who-walked-on-the-moon_722,https://books.toscrape.com/catalogue/no-dream-is-too-high-life-lessons-from-a-man-who-walked-on-the-moon_722/index.html
GBP,True,54.65,4,No Love Allowed (Dodge Cove #1),no-love-allowed-dodge-cove-1_625,https://books.toscrape.com/catalogue/no-love-allowed-dodge-cove-1_625/index.html
GBP,True,20.02,5,No One Here Gets Out Alive,no-one-here-gets-out-alive_336,https://books.toscrape.com/catalogue/no-one-here-gets-out-alive_336/index.html
GBP,True,40.17,1,Notes from a Small Island (Notes From a Small Island #1),notes-from-a-small-island-notes-from-a-small-island-1_200,https://books.toscrape.com/catalogue/notes-from-a-small-island-notes-from-a-small-island-1_200/index.html
GBP,True,14.86,2,Obsidian (Lux #1),obsidian-lux-1_911,https://books.toscrape.com/catalogue/obsidian-lux-1_911/index.html
GBP,True,47.11,2,Of Mice and Men,of-mice-and-men_37,https://books.toscrape.com/catalogue/of-mice-and-men_37/index.html
GBP,True,39.45,5,Off Sides (Off #1),off-sides-off-1_38,https://books.toscrape.com/catalogue/off-sides-off-1_38/index.html
GBP,True,47.67,3,Off the Hook (Fishing for Trouble #1),off-the-hook-fishing-for-trouble-1_601,https://books.toscrape.com/catalogue/off-the-hook-fishing-for-trouble-1_601/index.html
GBP,True,55.66,2,Old Records Never Die: One Man's Quest for His Vinyl and His Past,old-records-never-die-one-mans-quest-for-his-vinyl-and-his-past_39,https://books.toscrape.com/catalogue/old-records-never-die-one-mans-quest-for-his-vinyl-and-his-past_39/index.html
GBP,True,11.83,5,Old School (Diary of a Wimpy Kid #10),old-school-diary-of-a-wimpy-kid-10_723,https://books.toscrape.com/catalogue/old-school-diary-of-a-wimpy-kid-10_723/index.html
GBP,True,23.88,1,Olio,olio_984,https://books.toscrape.com/catalogue/olio_984/index.html
GBP,True,14.07,3,On a Midnight Clear,on-a-midnight-clear_912,https://books.toscrape.com/catalogue/on-a-midnight-clear_912/index.html
GBP,True,32.36,3,On the Road (Duluoz Legend),on-the-road-duluoz-legend_40,https://books.toscrape.com/catalogue/on-the-road-duluoz-legend_40/index.html
GBP,True,18.28,2,Once Was a Time,once-was-a-time_724,https://books.toscrape.com/catalogue/once-was-a-time_724/index.html
GBP,True,32.87,2,One for the Money (Stephanie Plum #1),one-for-the-money-stephanie-plum-1_201,https://books.toscrape.com/catalogue/one-for-the-money-stephanie-plum-1_201/index.html
GBP,True,52.94,2,One Second (Seven #7),one-second-seven-7_41,https://books.toscrape.com/catalogue/one-second-seven-7_41/index.html
GBP,True,15.71,4,One with You (Crossfire #5),one-with-you-crossfire-5_626,https://books.toscrape.com/catalogue/one-with-you-crossfire-5_626/index.html
GBP,True,46.35,1,Online Marketing for Busy Authors: A Step-By-Step Guide,online-marketing-for-busy-authors-a-step-by-step-guide_913,https://books.toscrape.com/catalogue/online-marketing-for-busy-authors-a-step-by-step-guide_913/index.html
GBP,True,24.61,2,Orange Is the New Black,orange-is-the-new-black_202,https://books.toscrape.com/catalogue/orange-is-the-new-black_202/index.html
GBP,True,48.41,1,orange: The Complete Collection 1 (orange: The Complete Collection #1),orange-the-complete-collection-1-orange-the-complete-collection-1_914,https://books.toscrape.com/catalogue/orange-the-complete-collection-1-orange-the-complete-collection-1_914/index.html
GBP,True,12.36,3,"Orchestra of Exiles: The Story of Bronislaw Huberman, the Israel Philharmonic, and the One Thousand Jews He Saved from Nazi Horrors",orchestra-of-exiles-the-story-of-bronislaw-huberman-the-israel-philharmonic-and-the-one-thousand-jews-he-saved-from-nazi-horrors_337,https://books.toscrape.com/catalogue/orchestra-of-exiles-the-story-of-bronislaw-huberman-the-israel-philharmonic-and-the-one-thousand-jews-he-saved-from-nazi-horrors_337/index.html
GBP,True,31.45,3,Original Fake,original-fake_203,https://books.toscrape.com/catalogue/original-fake_203/index.html
GBP,True,28.99,1,Origins (Alphas 0.5),origins-alphas-05_42,https://books.toscrape.com/catalogue/origins-alphas-05_42/index.html
GBP,True,57.25,3,"Our Band Could Be Your Life: Scenes from the American Indie Underground, 1981-1991",our-band-could-be-your-life-scenes-from-the-american-indie-underground-1981-1991_985,https://books.toscrape.com/catalogue/our-band-could-be-your-life-scenes-from-the-american-indie-underground-1981-1991_985/index.html
GBP,True,29.87,3,"Ouran High School Host Club, Vol. 1 (Ouran High School Host Club #1)",ouran-high-school-host-club-vol-1-ouran-high-school-host-club-1_43,https://books.toscrape.com/catalogue/ouran-high-school-host-club-vol-1-ouran-high-school-host-club-1_43/index.html
GBP,True,53.64,5,Out of Print: City Lights Spotlight No. 14,out-of-print-city-lights-spotlight-no-14_536,https://books.toscrape.com/catalogue/out-of-print-city-lights-spotlight-no-14_536/index.html
GBP,True,15.44,4,"Outcast, Vol. 1: A Darkness Surrounds Him (Outcast #1)",outcast-vol-1-a-darkness-surrounds-him-outcast-1_915,https://books.toscrape.com/catalogue/outcast-vol-1-a-darkness-surrounds-him-outcast-1_915/index.html
GBP,True,19.67,5,Outlander (Outlander #1),outlander-outlander-1_338,https://books.toscrape.com/catalogue/outlander-outlander-1_338/index.html
GBP,True,14.16,1,Outliers: The Story of Success,outliers-the-story-of-success_204,https://books.toscrape.com/catalogue/outliers-the-story-of-success_204/index.html
GBP,True,52.15,3,"Overload: How to Unplug, Unwind, and Unleash Yourself from the Pressure of Stress",overload-how-to-unplug-unwind-and-unleash-yourself-from-the-pressure-of-stress_725,https://books.toscrape.com/catalogue/overload-how-to-unplug-unwind-and-unleash-yourself-from-the-pressure-of-stress_725/index.html
GBP,True,56.68,2,Packing for Mars: The Curious Science of Life in the Void,packing-for-mars-the-curious-science-of-life-in-the-void_205,https://books.toscrape.com/catalogue/packing-for-mars-the-curious-science-of-life-in-the-void_205/index.html
GBP,True,49.45,5,Paper and Fire (The Great Library #2),paper-and-fire-the-great-library-2_339,https://books.toscrape.com/catalogue/paper-and-fire-the-great-library-2_339/index.html
GBP,True,21.71,4,"Paper Girls, Vol. 1 (Paper Girls #1-5)",paper-girls-vol-1-paper-girls-1-5_44,https://books.toscrape.com/catalogue/paper-girls-vol-1-paper-girls-1-5_44/index.html
GBP,True,24.96,1,Paradise Lost (Paradise #1),paradise-lost-paradise-1_45,https://books.toscrape.com/catalogue/paradise-lost-paradise-1_45/index.html
GBP,True,10.16,3,Patience,patience_916,https://books.toscrape.com/catalogue/patience_916/index.html
GBP,True,16.28,2,Peak: Secrets from the New Science of Expertise,peak-secrets-from-the-new-science-of-expertise_389,https://books.toscrape.com/catalogue/peak-secrets-from-the-new-science-of-expertise_389/index.html
GBP,True,33.29,3,Penny Maybe,penny-maybe_965,https://books.toscrape.com/catalogue/penny-maybe_965/index.html
GBP,True,39.13,1,Persepolis: The Story of a Childhood (Persepolis #1-2),persepolis-the-story-of-a-childhood-persepolis-1-2_206,https://books.toscrape.com/catalogue/persepolis-the-story-of-a-childhood-persepolis-1-2_206/index.html
GBP,True,10.56,3,Pet Sematary,pet-sematary_726,https://books.toscrape.com/catalogue/pet-sematary_726/index.html
GBP,True,32.38,1,Playing from the Heart,playing-from-the-heart_481,https://books.toscrape.com/catalogue/playing-from-the-heart_481/index.html
GBP,True,13.71,3,Playing with Fire,playing-with-fire_602,https://books.toscrape.com/catalogue/playing-with-fire_602/index.html
GBP,True,31.19,4,Please Kill Me: The Uncensored Oral History of Punk,please-kill-me-the-uncensored-oral-history-of-punk_537,https://books.toscrape.com/catalogue/please-kill-me-the-uncensored-oral-history-of-punk_537/index.html
GBP,True,14.19,4,Poems That Make Grown Women Cry,poems-that-make-grown-women-cry_824,https://books.toscrape.com/catalogue/poems-that-make-grown-women-cry_824/index.html
GBP,True,26.80,3,Poisonous (Max Revere Novels #3),poisonous-max-revere-novels-3_627,https://books.toscrape.com/catalogue/poisonous-max-revere-novels-3_627/index.html
GBP,True,36.28,2,"Political Suicide: Missteps, Peccadilloes, Bad Calls, Backroom Hijinx, Sordid Pasts, Rotten Breaks, and Just Plain Dumb Mistakes in the Annals of American Politics",political-suicide-missteps-peccadilloes-bad-calls-backroom-hijinx-sordid-pasts-rotten-breaks-and-just-plain-dumb-mistakes-in-the-annals-of-american-politics_917,https://books.toscrape.com/catalogue/political-suicide-missteps-peccadilloes-bad-calls-backroom-hijinx-sordid-pasts-rotten-breaks-and-just-plain-dumb-mistakes-in-the-annals-of-american-politics_917/index.html
GBP,True,18.97,1,"Pop Gun War, Volume 1: Gift",pop-gun-war-volume-1-gift_918,https://books.toscrape.com/catalogue/pop-gun-war-volume-1-gift_918/index.html
GBP,True,41.06,1,Poses for Artists Volume 1 - Dynamic and Sitting Poses: An Essential Reference for Figure Drawing and the Human Form,poses-for-artists-volume-1-dynamic-and-sitting-poses-an-essential-reference-for-figure-drawing-and-the-human-form_825,https://books.toscrape.com/catalogue/poses-for-artists-volume-1-dynamic-and-sitting-poses-an-essential-reference-for-figure-drawing-and-the-human-form_825/index.html
GBP,True,19.27,4,Pride and Prejudice,pride-and-prejudice_437,https://books.toscrape.com/catalogue/pride-and-prejudice_437/index.html
GBP,True,13.34,5,Princess Between Worlds (Wide-Awake Princess #5),princess-between-worlds-wide-awake-princess-5_919,https://books.toscrape.com/catalogue/princess-between-worlds-wide-awake-princess-5_919/index.html
GBP,True,13.61,5,"Princess Jellyfish 2-in-1 Omnibus, Vol. 01 (Princess Jellyfish 2-in-1 Omnibus #1)",princess-jellyfish-2-in-1-omnibus-vol-01-princess-jellyfish-2-in-1-omnibus-1_920,https://books.toscrape.com/catalogue/princess-jellyfish-2-in-1-omnibus-vol-01-princess-jellyfish-2-in-1-omnibus-1_920/index.html
GBP,True,47.61,5,Private Paris (Private #10),private-paris-private-10_958,https://books.toscrape.com/catalogue/private-paris-private-10_958/index.html
GBP,True,43.63,3,Prodigy: The Graphic Novel (Legend: The Graphic Novel #2),prodigy-the-graphic-novel-legend-the-graphic-novel-2_207,https://books.toscrape.com/catalogue/prodigy-the-graphic-novel-legend-the-graphic-novel-2_207/index.html
GBP,True,54.21,1,Proofs of God: Classical Arguments from Tertullian to Barth,proofs-of-god-classical-arguments-from-tertullian-to-barth_538,https://books.toscrape.com/catalogue/proofs-of-god-classical-arguments-from-tertullian-to-barth_538/index.html
GBP,True,36.97,5,Psycho: Sanitarium (Psycho #1.5),psycho-sanitarium-psycho-15_628,https://books.toscrape.com/catalogue/psycho-sanitarium-psycho-15_628/index.html
GBP,True,50.89,5,"Quarter Life Poetry: Poems for the Young, Broke and Hangry",quarter-life-poetry-poems-for-the-young-broke-and-hangry_727,https://books.toscrape.com/catalogue/quarter-life-poetry-poems-for-the-young-broke-and-hangry_727/index.html
GBP,True,43.14,1,Quench Your Own Thirst: Business Lessons Learned Over a Beer or Two,quench-your-own-thirst-business-lessons-learned-over-a-beer-or-two_629,https://books.toscrape.com/catalogue/quench-your-own-thirst-business-lessons-learned-over-a-beer-or-two_629/index.html
GBP,True,43.55,1,Quiet: The Power of Introverts in a World That Can't Stop Talking,quiet-the-power-of-introverts-in-a-world-that-cant-stop-talking_208,https://books.toscrape.com/catalogue/quiet-the-power-of-introverts-in-a-world-that-cant-stop-talking_208/index.html
GBP,True,23.57,3,Rain Fish,rain-fish_728,https://books.toscrape.com/catalogue/rain-fish_728/index.html
GBP,True,49.67,4,Raspberry Pi Electronics Projects for the Evil Genius,raspberry-pi-electronics-projects-for-the-evil-genius_630,https://books.toscrape.com/catalogue/raspberry-pi-electronics-projects-for-the-evil-genius_630/index.html
GBP,True,46.96,5,"Rat Queens, Vol. 1: Sass & Sorcery (Rat Queens (Collected Editions) #1-5)",rat-queens-vol-1-sass-sorcery-rat-queens-collected-editions-1-5_46,https://books.toscrape.com/catalogue/rat-queens-vol-1-sass-sorcery-rat-queens-collected-editions-1-5_46/index.html
GBP,True,50.40,3,"Rat Queens, Vol. 3: Demons (Rat Queens (Collected Editions) #11-15)",rat-queens-vol-3-demons-rat-queens-collected-editions-11-15_921,https://books.toscrape.com/catalogue/rat-queens-vol-3-demons-rat-queens-collected-editions-11-15_921/index.html
GBP,True,34.41,2,Raymie Nightingale,raymie-nightingale_482,https://books.toscrape.com/catalogue/raymie-nightingale_482/index.html
GBP,True,19.07,4,Ready Player One,ready-player-one_209,https://books.toscrape.com/catalogue/ready-player-one_209/index.html
GBP,True,26.41,2,Reasons to Stay Alive,reasons-to-stay-alive_959,https://books.toscrape.com/catalogue/reasons-to-stay-alive_959/index.html
GBP,True,23.37,3,Red Dragon (Hannibal Lecter #1),red-dragon-hannibal-lecter-1_390,https://books.toscrape.com/catalogue/red-dragon-hannibal-lecter-1_390/index.html
GBP,True,25.48,2,"Red Hood/Arsenal, Vol. 1: Open for Business (Red Hood/Arsenal #1)",red-hoodarsenal-vol-1-open-for-business-red-hoodarsenal-1_729,https://books.toscrape.com/catalogue/red-hoodarsenal-vol-1-open-for-business-red-hoodarsenal-1_729/index.html
GBP,True,28.54,3,Red: The True Story of Red Riding Hood,red-the-true-story-of-red-riding-hood_210,https://books.toscrape.com/catalogue/red-the-true-story-of-red-riding-hood_210/index.html
GBP,True,20.47,5,Redeeming Love,redeeming-love_826,https://books.toscrape.com/catalogue/redeeming-love_826/index.html
GBP,True,11.48,3,Remember Me?,remember-me_391,https://books.toscrape.com/catalogue/remember-me_391/index.html
GBP,True,11.10,3,Reservations for Two,reservations-for-two_211,https://books.toscrape.com/catalogue/reservations-for-two_211/index.html
GBP,True,19.83,2,Reskilling America: Learning to Labor in the Twenty-First Century,reskilling-america-learning-to-labor-in-the-twenty-first-century_922,https://books.toscrape.com/catalogue/reskilling-america-learning-to-labor-in-the-twenty-first-century_922/index.html
GBP,True,44.88,2,Rework,rework_212,https://books.toscrape.com/catalogue/rework_212/index.html
GBP,True,28.34,2,"Rhythm, Chord & Malykhin",rhythm-chord-malykhin_47,https://books.toscrape.com/catalogue/rhythm-chord-malykhin_47/index.html
GBP,True,51.74,1,"Rich Dad, Poor Dad",rich-dad-poor-dad_483,https://books.toscrape.com/catalogue/rich-dad-poor-dad_483/index.html
GBP,True,35.02,5,Rip it Up and Start Again,rip-it-up-and-start-again_986,https://books.toscrape.com/catalogue/rip-it-up-and-start-again_986/index.html
GBP,True,41.67,4,"Rise of the Rocket Girls: The Women Who Propelled Us, from Missiles to the Moon to Mars",rise-of-the-rocket-girls-the-women-who-propelled-us-from-missiles-to-the-moon-to-mars_213,https://books.toscrape.com/catalogue/rise-of-the-rocket-girls-the-women-who-propelled-us-from-missiles-to-the-moon-to-mars_213/index.html
GBP,True,21.82,3,Rising Strong,rising-strong_539,https://books.toscrape.com/catalogue/rising-strong_539/index.html
GBP,True,47.82,3,Robin War,robin-war_730,https://books.toscrape.com/catalogue/robin-war_730/index.html
GBP,True,50.11,3,Rogue Lawyer (Rogue Lawyer #1),rogue-lawyer-rogue-lawyer-1_214,https://books.toscrape.com/catalogue/rogue-lawyer-rogue-lawyer-1_214/index.html
GBP,True,14.10,5,Roller Girl,roller-girl_540,https://books.toscrape.com/catalogue/roller-girl_540/index.html
GBP,True,36.94,1,Romero and Juliet: A Tragic Tale of Love and Zombies,romero-and-juliet-a-tragic-tale-of-love-and-zombies_827,https://books.toscrape.com/catalogue/romero-and-juliet-a-tragic-tale-of-love-and-zombies_827/index.html
GBP,True,37.86,4,Rook,rook_647,https://books.toscrape.com/catalogue/rook_647/index.html
GBP,True,20.02,1,"Run, Spot, Run: The Ethics of Keeping Pets",run-spot-run-the-ethics-of-keeping-pets_106,https://books.toscrape.com/catalogue/run-spot-run-the-ethics-of-keeping-pets_106/index.html
GBP,True,12.91,4,Running with Scissors,running-with-scissors_215,https://books.toscrape.com/catalogue/running-with-scissors_215/index.html
GBP,True,28.48,1,"Saga, Volume 1 (Saga (Collected Editions) #1)",saga-volume-1-saga-collected-editions-1_48,https://books.toscrape.com/catalogue/saga-volume-1-saga-collected-editions-1_48/index.html
GBP,True,11.75,3,"Saga, Volume 2 (Saga (Collected Editions) #2)",saga-volume-2-saga-collected-editions-2_107,https://books.toscrape.com/catalogue/saga-volume-2-saga-collected-editions-2_107/index.html
GBP,True,21.57,5,"Saga, Volume 3 (Saga (Collected Editions) #3)",saga-volume-3-saga-collected-editions-3_216,https://books.toscrape.com/catalogue/saga-volume-3-saga-collected-editions-3_216/index.html
GBP,True,51.04,2,"Saga, Volume 5 (Saga (Collected Editions) #5)",saga-volume-5-saga-collected-editions-5_923,https://books.toscrape.com/catalogue/saga-volume-5-saga-collected-editions-5_923/index.html
GBP,True,25.02,3,"Saga, Volume 6 (Saga (Collected Editions) #6)",saga-volume-6-saga-collected-editions-6_924,https://books.toscrape.com/catalogue/saga-volume-6-saga-collected-editions-6_924/index.html
GBP,True,49.56,4,'Salem's Lot,salems-lot_309,https://books.toscrape.com/catalogue/salems-lot_309/index.html
GBP,True,46.78,4,salt.,salt_731,https://books.toscrape.com/catalogue/salt_731/index.html
GBP,True,54.23,5,Sapiens: A Brief History of Humankind,sapiens-a-brief-history-of-humankind_996,https://books.toscrape.com/catalogue/sapiens-a-brief-history-of-humankind_996/index.html
GBP,True,46.29,1,Sarah's Key,sarahs-key_217,https://books.toscrape.com/catalogue/sarahs-key_217/index.html
GBP,True,14.57,4,Scarlet (The Lunar Chronicles #2),scarlet-the-lunar-chronicles-2_218,https://books.toscrape.com/catalogue/scarlet-the-lunar-chronicles-2_218/index.html
GBP,True,43.55,5,Scarlett Epstein Hates It Here,scarlett-epstein-hates-it-here_828,https://books.toscrape.com/catalogue/scarlett-epstein-hates-it-here_828/index.html
GBP,True,52.29,5,Scott Pilgrim's Precious Little Life (Scott Pilgrim #1),scott-pilgrims-precious-little-life-scott-pilgrim-1_987,https://books.toscrape.com/catalogue/scott-pilgrims-precious-little-life-scott-pilgrim-1_987/index.html
GBP,True,38.73,1,Searching for Meaning in Gailana,searching-for-meaning-in-gailana_648,https://books.toscrape.com/catalogue/searching-for-meaning-in-gailana_648/index.html
GBP,True,20.27,1,Secrets and Lace (Fatal Hearts #1),secrets-and-lace-fatal-hearts-1_829,https://books.toscrape.com/catalogue/secrets-and-lace-fatal-hearts-1_829/index.html
GBP,True,39.25,2,Security,security_925,https://books.toscrape.com/catalogue/security_925/index.html
GBP,True,48.87,3,See America: A Celebration of Our National Parks & Treasured Sites,see-america-a-celebration-of-our-national-parks-treasured-sites_732,https://books.toscrape.com/catalogue/see-america-a-celebration-of-our-national-parks-treasured-sites_732/index.html
GBP,True,37.46,1,Sense and Sensibility,sense-and-sensibility_49,https://books.toscrape.com/catalogue/sense-and-sensibility_49/index.html
GBP,True,17.46,5,Set Me Free,set-me-free_988,https://books.toscrape.com/catalogue/set-me-free_988/index.html
GBP,True,21.15,2,"Setting the World on Fire: The Brief, Astonishing Life of St. Catherine of Siena",setting-the-world-on-fire-the-brief-astonishing-life-of-st-catherine-of-siena_603,https://books.toscrape.com/catalogue/setting-the-world-on-fire-the-brief-astonishing-life-of-st-catherine-of-siena_603/index.html
GBP,True,44.91,2,Settling the Score (The Summer Games #1),settling-the-score-the-summer-games-1_50,https://books.toscrape.com/catalogue/settling-the-score-the-summer-games-1_50/index.html
GBP,True,30.60,4,Seven Brief Lessons on Physics,seven-brief-lessons-on-physics_219,https://books.toscrape.com/catalogue/seven-brief-lessons-on-physics_219/index.html
GBP,True,52.33,2,Seven Days in the Art World,seven-days-in-the-art-world_220,https://books.toscrape.com/catalogue/seven-days-in-the-art-world_220/index.html
GBP,True,21.72,4,Shadow Rites (Jane Yellowrock #10),shadow-rites-jane-yellowrock-10_51,https://books.toscrape.com/catalogue/shadow-rites-jane-yellowrock-10_51/index.html
GBP,True,39.67,5,Shadows of the Past (Logan Point #1),shadows-of-the-past-logan-point-1_541,https://books.toscrape.com/catalogue/shadows-of-the-past-logan-point-1_541/index.html
GBP,True,20.66,4,Shakespeare's Sonnets,shakespeares-sonnets_989,https://books.toscrape.com/catalogue/shakespeares-sonnets_989/index.html
GBP,True,58.35,3,Shameless,shameless_52,https://books.toscrape.com/catalogue/shameless_52/index.html
GBP,True,47.82,4,Sharp Objects,sharp-objects_997,https://books.toscrape.com/catalogue/sharp-objects_997/index.html
GBP,True,42.40,1,Shatter Me (Shatter Me #1),shatter-me-shatter-me-1_53,https://books.toscrape.com/catalogue/shatter-me-shatter-me-1_53/index.html
GBP,True,30.60,3,Ship Leaves Harbor: Essays on Travel by a Recovering Journeyman,ship-leaves-harbor-essays-on-travel-by-a-recovering-journeyman_438,https://books.toscrape.com/catalogue/ship-leaves-harbor-essays-on-travel-by-a-recovering-journeyman_438/index.html
GBP,True,16.23,5,Shiver (The Wolves of Mercy Falls #1),shiver-the-wolves-of-mercy-falls-1_392,https://books.toscrape.com/catalogue/shiver-the-wolves-of-mercy-falls-1_392/index.html
GBP,True,29.06,3,"Shobu Samurai, Project Aryoku (#3)",shobu-samurai-project-aryoku-3_830,https://books.toscrape.com/catalogue/shobu-samurai-project-aryoku-3_830/index.html
GBP,True,23.99,2,Shoe Dog: A Memoir by the Creator of NIKE,shoe-dog-a-memoir-by-the-creator-of-nike_831,https://books.toscrape.com/catalogue/shoe-dog-a-memoir-by-the-creator-of-nike_831/index.html
GBP,True,46.45,2,Shopaholic & Baby (Shopaholic #5),shopaholic-baby-shopaholic-5_221,https://books.toscrape.com/catalogue/shopaholic-baby-shopaholic-5_221/index.html
GBP,True,48.39,5,Shopaholic Ties the Knot (Shopaholic #3),shopaholic-ties-the-knot-shopaholic-3_340,https://books.toscrape.com/catalogue/shopaholic-ties-the-knot-shopaholic-3_340/index.html
GBP,True,52.87,3,"Shrunken Treasures: Literary Classics, Short, Sweet, and Silly",shrunken-treasures-literary-classics-short-sweet-and-silly_484,https://books.toscrape.com/catalogue/shrunken-treasures-literary-classics-short-sweet-and-silly_484/index.html
GBP,True,55.84,4,Shtum,shtum_733,https://books.toscrape.com/catalogue/shtum_733/index.html
GBP,True,34.22,5,Siddhartha,siddhartha_393,https://books.toscrape.com/catalogue/siddhartha_393/index.html
GBP,True,58.33,3,Silence in the Dark (Logan Point #4),silence-in-the-dark-logan-point-4_542,https://books.toscrape.com/catalogue/silence-in-the-dark-logan-point-4_542/index.html
GBP,True,40.20,4,Sister Dear,sister-dear_485,https://books.toscrape.com/catalogue/sister-dear_485/index.html
GBP,True,13.33,3,Sister Sable (The Mad Queen #1),sister-sable-the-mad-queen-1_54,https://books.toscrape.com/catalogue/sister-sable-the-mad-queen-1_54/index.html
GBP,True,20.90,3,"Sit, Stay, Love",sit-stay-love_486,https://books.toscrape.com/catalogue/sit-stay-love_486/index.html
GBP,True,42.12,3,"Skip Beat!, Vol. 01 (Skip Beat! #1)",skip-beat-vol-01-skip-beat-1_55,https://books.toscrape.com/catalogue/skip-beat-vol-01-skip-beat-1_55/index.html
GBP,True,48.74,1,Sleeping Giants (Themis Files #1),sleeping-giants-themis-files-1_604,https://books.toscrape.com/catalogue/sleeping-giants-themis-files-1_604/index.html
GBP,True,57.31,3,Slow States of Collapse: Poems,slow-states-of-collapse-poems_960,https://books.toscrape.com/catalogue/slow-states-of-collapse-poems_960/index.html
GBP,True,38.89,5,Smarter Faster Better: The Secrets of Being Productive in Life and Business,smarter-faster-better-the-secrets-of-being-productive-in-life-and-business_543,https://books.toscrape.com/catalogue/smarter-faster-better-the-secrets-of-being-productive-in-life-and-business_543/index.html
GBP,True,21.21,3,Snatched: How A Drug Queen Went Undercover for the DEA and Was Kidnapped By Colombian Guerillas,snatched-how-a-drug-queen-went-undercover-for-the-dea-and-was-kidnapped-by-colombian-guerillas_631,https://books.toscrape.com/catalogue/snatched-how-a-drug-queen-went-undercover-for-the-dea-and-was-kidnapped-by-colombian-guerillas_631/index.html
GBP,True,35.43,4,"So Cute It Hurts!!, Vol. 6 (So Cute It Hurts!! #6)",so-cute-it-hurts-vol-6-so-cute-it-hurts-6_734,https://books.toscrape.com/catalogue/so-cute-it-hurts-vol-6-so-cute-it-hurts-6_734/index.html
GBP,True,12.23,2,So You've Been Publicly Shamed,so-youve-been-publicly-shamed_832,https://books.toscrape.com/catalogue/so-youve-been-publicly-shamed_832/index.html
GBP,True,26.12,2,Soft Apocalypse,soft-apocalypse_833,https://books.toscrape.com/catalogue/soft-apocalypse_833/index.html
GBP,True,24.72,2,Soldier (Talon #3),soldier-talon-3_222,https://books.toscrape.com/catalogue/soldier-talon-3_222/index.html
GBP,True,13.73,5,Some Women,some-women_341,https://books.toscrape.com/catalogue/some-women_341/index.html
GBP,True,52.79,5,Someone Like You (The Harrisons #2),someone-like-you-the-harrisons-2_735,https://books.toscrape.com/catalogue/someone-like-you-the-harrisons-2_735/index.html
GBP,True,54.62,1,Something Blue (Darcy & Rachel #2),something-blue-darcy-rachel-2_223,https://books.toscrape.com/catalogue/something-blue-darcy-rachel-2_223/index.html
GBP,True,48.96,5,Something Borrowed (Darcy & Rachel #1),something-borrowed-darcy-rachel-1_224,https://books.toscrape.com/catalogue/something-borrowed-darcy-rachel-1_224/index.html
GBP,True,16.24,4,Something More Than This,something-more-than-this_834,https://books.toscrape.com/catalogue/something-more-than-this_834/index.html
GBP,True,15.94,5,Sophie's World,sophies-world_966,https://books.toscrape.com/catalogue/sophies-world_966/index.html
GBP,True,44.74,4,Sorting the Beef from the Bull: The Science of Food Fraud Forensics,sorting-the-beef-from-the-bull-the-science-of-food-fraud-forensics_736,https://books.toscrape.com/catalogue/sorting-the-beef-from-the-bull-the-science-of-food-fraud-forensics_736/index.html
GBP,True,39.58,2,Soul Reader,soul-reader_926,https://books.toscrape.com/catalogue/soul-reader_926/index.html
GBP,True,50.10,1,Soumission,soumission_998,https://books.toscrape.com/catalogue/soumission_998/index.html
GBP,True,28.93,1,South of Sunshine,south-of-sunshine_544,https://books.toscrape.com/catalogue/south-of-sunshine_544/index.html
GBP,True,41.83,4,Spark Joy: An Illustrated Master Class on the Art of Organizing and Tidying Up,spark-joy-an-illustrated-master-class-on-the-art-of-organizing-and-tidying-up_927,https://books.toscrape.com/catalogue/spark-joy-an-illustrated-master-class-on-the-art-of-organizing-and-tidying-up_927/index.html
GBP,True,49.51,1,Spilled Milk: Based on a True Story,spilled-milk-based-on-a-true-story_225,https://books.toscrape.com/catalogue/spilled-milk-based-on-a-true-story_225/index.html
GBP,True,25.83,3,Starlark,starlark_56,https://books.toscrape.com/catalogue/starlark_56/index.html
GBP,True,48.05,2,Stars Above (The Lunar Chronicles #4.5),stars-above-the-lunar-chronicles-45_632,https://books.toscrape.com/catalogue/stars-above-the-lunar-chronicles-45_632/index.html
GBP,True,13.99,2,"Starving Hearts (Triangular Trade Trilogy, #1)",starving-hearts-triangular-trade-trilogy-1_990,https://books.toscrape.com/catalogue/starving-hearts-triangular-trade-trilogy-1_990/index.html
GBP,True,20.90,2,Steal Like an Artist: 10 Things Nobody Told You About Being Creative,steal-like-an-artist-10-things-nobody-told-you-about-being-creative_487,https://books.toscrape.com/catalogue/steal-like-an-artist-10-things-nobody-told-you-about-being-creative_487/index.html
GBP,True,39.50,5,Steve Jobs,steve-jobs_737,https://books.toscrape.com/catalogue/steve-jobs_737/index.html
GBP,True,36.74,3,Stiff: The Curious Lives of Human Cadavers,stiff-the-curious-lives-of-human-cadavers_226,https://books.toscrape.com/catalogue/stiff-the-curious-lives-of-human-cadavers_226/index.html
GBP,True,26.41,3,Still Life with Bread Crumbs,still-life-with-bread-crumbs_738,https://books.toscrape.com/catalogue/still-life-with-bread-crumbs_738/index.html
GBP,True,55.99,2,Suddenly in Love (Lake Haven #1),suddenly-in-love-lake-haven-1_835,https://books.toscrape.com/catalogue/suddenly-in-love-lake-haven-1_835/index.html
GBP,True,24.42,1,Sugar Rush (Offensive Line #2),sugar-rush-offensive-line-2_108,https://books.toscrape.com/catalogue/sugar-rush-offensive-line-2_108/index.html
GBP,True,11.89,5,Superman Vol. 1: Before Truth (Superman by Gene Luen Yang #1),superman-vol-1-before-truth-superman-by-gene-luen-yang-1_739,https://books.toscrape.com/catalogue/superman-vol-1-before-truth-superman-by-gene-luen-yang-1_739/index.html
GBP,True,25.83,2,"Surely You're Joking, Mr. Feynman!: Adventures of a Curious Character",surely-youre-joking-mr-feynman-adventures-of-a-curious-character_227,https://books.toscrape.com/catalogue/surely-youre-joking-mr-feynman-adventures-of-a-curious-character_227/index.html
GBP,True,54.81,5,Suzie Snowflake: One beautiful flake (a self-esteem story),suzie-snowflake-one-beautiful-flake-a-self-esteem-story_568,https://books.toscrape.com/catalogue/suzie-snowflake-one-beautiful-flake-a-self-esteem-story_568/index.html
GBP,True,45.58,1,Swell: A Year of Waves,swell-a-year-of-waves_740,https://books.toscrape.com/catalogue/swell-a-year-of-waves_740/index.html
GBP,True,53.98,3,Take Me Home Tonight (Rock Star Romance #3),take-me-home-tonight-rock-star-romance-3_605,https://books.toscrape.com/catalogue/take-me-home-tonight-rock-star-romance-3_605/index.html
GBP,True,45.21,3,Take Me with You,take-me-with-you_741,https://books.toscrape.com/catalogue/take-me-with-you_741/index.html
GBP,True,18.88,2,Taking Shots (Assassins #1),taking-shots-assassins-1_57,https://books.toscrape.com/catalogue/taking-shots-assassins-1_57/index.html
GBP,True,25.15,4,Talking to Girls About Duran Duran: One Young Man's Quest for True Love and a Cooler Haircut,talking-to-girls-about-duran-duran-one-young-mans-quest-for-true-love-and-a-cooler-haircut_394,https://books.toscrape.com/catalogue/talking-to-girls-about-duran-duran-one-young-mans-quest-for-true-love-and-a-cooler-haircut_394/index.html
GBP,True,10.69,1,Tastes Like Fear (DI Marnie Rome #3),tastes-like-fear-di-marnie-rome-3_742,https://books.toscrape.com/catalogue/tastes-like-fear-di-marnie-rome-3_742/index.html
GBP,True,20.12,5,Team of Rivals: The Political Genius of Abraham Lincoln,team-of-rivals-the-political-genius-of-abraham-lincoln_488,https://books.toscrape.com/catalogue/team-of-rivals-the-political-genius-of-abraham-lincoln_488/index.html
GBP,True,41.81,1,Tell Me Three Things,tell-me-three-things_395,https://books.toscrape.com/catalogue/tell-me-three-things_395/index.html
GBP,True,45.51,3,Tell the Wind and Fire,tell-the-wind-and-fire_396,https://books.toscrape.com/catalogue/tell-the-wind-and-fire_396/index.html
GBP,True,50.96,2,Tell the Wolves I'm Home,tell-the-wolves-im-home_439,https://books.toscrape.com/catalogue/tell-the-wolves-im-home_439/index.html
GBP,True,13.92,1,That Darkness (Gardiner and Renner #1),that-darkness-gardiner-and-renner-1_743,https://books.toscrape.com/catalogue/that-darkness-gardiner-and-renner-1_743/index.html
GBP,True,27.55,3,The 10% Entrepreneur: Live Your Startup Dream Without Quitting Your Day Job,the-10-entrepreneur-live-your-startup-dream-without-quitting-your-day-job_836,https://books.toscrape.com/catalogue/the-10-entrepreneur-live-your-startup-dream-without-quitting-your-day-job_836/index.html
GBP,True,39.24,1,The 14th Colony (Cotton Malone #11),the-14th-colony-cotton-malone-11_744,https://books.toscrape.com/catalogue/the-14th-colony-cotton-malone-11_744/index.html
GBP,True,11.83,2,The 5th Wave (The 5th Wave #1),the-5th-wave-the-5th-wave-1_397,https://books.toscrape.com/catalogue/the-5th-wave-the-5th-wave-1_397/index.html
GBP,True,33.17,4,The 7 Habits of Highly Effective People: Powerful Lessons in Personal Change,the-7-habits-of-highly-effective-people-powerful-lessons-in-personal-change_489,https://books.toscrape.com/catalogue/the-7-habits-of-highly-effective-people-powerful-lessons-in-personal-change_489/index.html
GBP,True,32.24,5,The Activist's Tao Te Ching: Ancient Advice for a Modern Revolution,the-activists-tao-te-ching-ancient-advice-for-a-modern-revolution_928,https://books.toscrape.com/catalogue/the-activists-tao-te-ching-ancient-advice-for-a-modern-revolution_928/index.html
GBP,True,19.73,1,The Age of Genius: The Seventeenth Century and the Birth of the Modern Mind,the-age-of-genius-the-seventeenth-century-and-the-birth-of-the-modern-mind_929,https://books.toscrape.com/catalogue/the-age-of-genius-the-seventeenth-century-and-the-birth-of-the-modern-mind_929/index.html
GBP,True,54.40,1,The Alien Club,the-alien-club_569,https://books.toscrape.com/catalogue/the-alien-club_569/index.html
GBP,True,10.93,2,The Argonauts,the-argonauts_837,https://books.toscrape.com/catalogue/the-argonauts_837/index.html
GBP,True,52.98,5,The Art and Science of Low Carbohydrate Living,the-art-and-science-of-low-carbohydrate-living_570,https://books.toscrape.com/catalogue/the-art-and-science-of-low-carbohydrate-living_570/index.html
GBP,True,32.34,2,The Art Book,the-art-book_490,https://books.toscrape.com/catalogue/the-art-book_490/index.html
GBP,True,40.76,3,The Art Forger,the-art-forger_930,https://books.toscrape.com/catalogue/the-art-forger_930/index.html
GBP,True,22.10,1,The Art of Fielding,the-art-of-fielding_228,https://books.toscrape.com/catalogue/the-art-of-fielding_228/index.html
GBP,True,40.83,4,The Art of Not Breathing,the-art-of-not-breathing_58,https://books.toscrape.com/catalogue/the-art-of-not-breathing_58/index.html
GBP,True,34.32,3,"The Art of Simple Food: Notes, Lessons, and Recipes from a Delicious Revolution",the-art-of-simple-food-notes-lessons-and-recipes-from-a-delicious-revolution_229,https://books.toscrape.com/catalogue/the-art-of-simple-food-notes-lessons-and-recipes-from-a-delicious-revolution_229/index.html
GBP,True,21.00,3,The Art of Startup Fundraising,the-art-of-startup-fundraising_606,https://books.toscrape.com/catalogue/the-art-of-startup-fundraising_606/index.html
GBP,True,33.34,5,The Art of War,the-art-of-war_838,https://books.toscrape.com/catalogue/the-art-of-war_838/index.html
GBP,True,38.49,5,The Artist's Way: A Spiritual Path to Higher Creativity,the-artists-way-a-spiritual-path-to-higher-creativity_839,https://books.toscrape.com/catalogue/the-artists-way-a-spiritual-path-to-higher-creativity_839/index.html
GBP,True,23.43,2,The Autobiography of Malcolm X,the-autobiography-of-malcolm-x_230,https://books.toscrape.com/catalogue/the-autobiography-of-malcolm-x_230/index.html
GBP,True,52.30,5,The Bachelor Girl's Guide to Murder (Herringford and Watts Mysteries #1),the-bachelor-girls-guide-to-murder-herringford-and-watts-mysteries-1_491,https://books.toscrape.com/catalogue/the-bachelor-girls-guide-to-murder-herringford-and-watts-mysteries-1_491/index.html
GBP,True,15.77,1,The Bad-Ass Librarians of Timbuktu: And Their Race to Save the World’s Most Precious Manuscripts,the-bad-ass-librarians-of-timbuktu-and-their-race-to-save-the-worlds-most-precious-manuscripts_745,https://books.toscrape.com/catalogue/the-bad-ass-librarians-of-timbuktu-and-their-race-to-save-the-worlds-most-precious-manuscripts_745/index.html
GBP,True,44.73,4,The Bane Chronicles (The Bane Chronicles #1-11),the-bane-chronicles-the-bane-chronicles-1-11_746,https://books.toscrape.com/catalogue/the-bane-chronicles-the-bane-chronicles-1-11_746/index.html
GBP,True,59.92,5,The Barefoot Contessa Cookbook,the-barefoot-contessa-cookbook_440,https://books.toscrape.com/catalogue/the-barefoot-contessa-cookbook_440/index.html
GBP,True,36.89,1,The Bear and the Piano,the-bear-and-the-piano_967,https://books.toscrape.com/catalogue/the-bear-and-the-piano_967/index.html
GBP,True,46.08,5,The Beast (Black Dagger Brotherhood #14),the-beast-black-dagger-brotherhood-14_342,https://books.toscrape.com/catalogue/the-beast-black-dagger-brotherhood-14_342/index.html
GBP,True,30.66,3,The Bette Davis Club,the-bette-davis-club_59,https://books.toscrape.com/catalogue/the-bette-davis-club_59/index.html
GBP,True,57.49,3,The Bhagavad Gita,the-bhagavad-gita_60,https://books.toscrape.com/catalogue/the-bhagavad-gita_60/index.html
GBP,True,52.15,1,The Black Maria,the-black-maria_991,https://books.toscrape.com/catalogue/the-black-maria_991/index.html
GBP,True,53.71,5,The Blind Side: Evolution of a Game,the-blind-side-evolution-of-a-game_231,https://books.toscrape.com/catalogue/the-blind-side-evolution-of-a-game_231/index.html
GBP,True,59.71,3,The Bone Hunters (Lexy Vaughan & Steven Macaulay #2),the-bone-hunters-lexy-vaughan-steven-macaulay-2_343,https://books.toscrape.com/catalogue/the-bone-hunters-lexy-vaughan-steven-macaulay-2_343/index.html
GBP,True,44.84,5,The Book of Basketball: The NBA According to The Sports Guy,the-book-of-basketball-the-nba-according-to-the-sports-guy_232,https://books.toscrape.com/catalogue/the-book-of-basketball-the-nba-according-to-the-sports-guy_232/index.html
GBP,True,24.57,3,The Book of Mormon,the-book-of-mormon_571,https://books.toscrape.com/catalogue/the-book-of-mormon_571/index.html
GBP,True,53.49,2,The Book Thief,the-book-thief_233,https://books.toscrape.com/catalogue/the-book-thief_233/index.html
GBP,True,42.78,4,The Bourne Identity (Jason Bourne #1),the-bourne-identity-jason-bourne-1_492,https://books.toscrape.com/catalogue/the-bourne-identity-jason-bourne-1_492/index.html
GBP,True,22.60,4,The Boys in the Boat: Nine Americans and Their Epic Quest for Gold at the 1936 Berlin Olympics,the-boys-in-the-boat-nine-americans-and-their-epic-quest-for-gold-at-the-1936-berlin-olympics_992,https://books.toscrape.com/catalogue/the-boys-in-the-boat-nine-americans-and-their-epic-quest-for-gold-at-the-1936-berlin-olympics_992/index.html
GBP,True,32.00,3,The Bridge to Consciousness: I'm Writing the Bridge Between Science and Our Old and New Beliefs.,the-bridge-to-consciousness-im-writing-the-bridge-between-science-and-our-old-and-new-beliefs_840,https://books.toscrape.com/catalogue/the-bridge-to-consciousness-im-writing-the-bridge-between-science-and-our-old-and-new-beliefs_840/index.html
GBP,True,49.05,3,"The Bulletproof Diet: Lose up to a Pound a Day, Reclaim Energy and Focus, Upgrade Your Life",the-bulletproof-diet-lose-up-to-a-pound-a-day-reclaim-energy-and-focus-upgrade-your-life_931,https://books.toscrape.com/catalogue/the-bulletproof-diet-lose-up-to-a-pound-a-day-reclaim-energy-and-focus-upgrade-your-life_931/index.html
GBP,True,47.84,1,The Case for Christ (Cases for Christianity),the-case-for-christ-cases-for-christianity_234,https://books.toscrape.com/catalogue/the-case-for-christ-cases-for-christianity_234/index.html
GBP,True,16.26,2,The Cat in the Hat (Beginner Books B-1),the-cat-in-the-hat-beginner-books-b-1_235,https://books.toscrape.com/catalogue/the-cat-in-the-hat-beginner-books-b-1_235/index.html
GBP,True,24.55,1,The Catcher in the Rye,the-catcher-in-the-rye_236,https://books.toscrape.com/catalogue/the-catcher-in-the-rye_236/index.html
GBP,True,11.88,3,The Children,the-children_633,https://books.toscrape.com/catalogue/the-children_633/index.html
GBP,True,15.42,5,The Collected Poems of W.B. Yeats (The Collected Works of W.B. Yeats #1),the-collected-poems-of-wb-yeats-the-collected-works-of-wb-yeats-1_441,https://books.toscrape.com/catalogue/the-collected-poems-of-wb-yeats-the-collected-works-of-wb-yeats-1_441/index.html
GBP,True,17.93,3,"The Coming Woman: A Novel Based on the Life of the Infamous Feminist, Victoria Woodhull",the-coming-woman-a-novel-based-on-the-life-of-the-infamous-feminist-victoria-woodhull_993,https://books.toscrape.com/catalogue/the-coming-woman-a-novel-based-on-the-life-of-the-infamous-feminist-victoria-woodhull_993/index.html
GBP,True,14.76,3,The Communist Manifesto,the-communist-manifesto_61,https://books.toscrape.com/catalogue/the-communist-manifesto_61/index.html
GBP,True,10.64,3,The Complete Maus (Maus #1-2),the-complete-maus-maus-1-2_62,https://books.toscrape.com/catalogue/the-complete-maus-maus-1-2_62/index.html
GBP,True,41.32,5,The Complete Poems,the-complete-poems_237,https://books.toscrape.com/catalogue/the-complete-poems_237/index.html
GBP,True,26.78,4,The Complete Stories and Poems (The Works of Edgar Allan Poe [Cameo Edition]),the-complete-stories-and-poems-the-works-of-edgar-allan-poe-cameo-edition_238,https://books.toscrape.com/catalogue/the-complete-stories-and-poems-the-works-of-edgar-allan-poe-cameo-edition_238/index.html
GBP,True,16.62,3,The Constant Princess (The Tudor Court #1),the-constant-princess-the-tudor-court-1_493,https://books.toscrape.com/catalogue/the-constant-princess-the-tudor-court-1_493/index.html
GBP,True,41.25,1,The Cookies & Cups Cookbook: 125+ sweet & savory recipes reminding you to Always Eat Dessert First,the-cookies-cups-cookbook-125-sweet-savory-recipes-reminding-you-to-always-eat-dessert-first_841,https://books.toscrape.com/catalogue/the-cookies-cups-cookbook-125-sweet-savory-recipes-reminding-you-to-always-eat-dessert-first_841/index.html
GBP,True,16.78,3,The Course of Love,the-course-of-love_109,https://books.toscrape.com/catalogue/the-course-of-love_109/index.html
GBP,True,38.77,4,The Crossover,the-crossover_398,https://books.toscrape.com/catalogue/the-crossover_398/index.html
GBP,True,19.21,1,The Cuckoo's Calling (Cormoran Strike #1),the-cuckoos-calling-cormoran-strike-1_239,https://books.toscrape.com/catalogue/the-cuckoos-calling-cormoran-strike-1_239/index.html
GBP,True,22.96,2,The Da Vinci Code (Robert Langdon #2),the-da-vinci-code-robert-langdon-2_240,https://books.toscrape.com/catalogue/the-da-vinci-code-robert-langdon-2_240/index.html
GBP,True,11.33,5,The Darkest Corners,the-darkest-corners_399,https://books.toscrape.com/catalogue/the-darkest-corners_399/index.html
GBP,True,35.35,5,The Darkest Lie,the-darkest-lie_747,https://books.toscrape.com/catalogue/the-darkest-lie_747/index.html
GBP,True,26.33,5,The Day the Crayons Came Home (Crayons),the-day-the-crayons-came-home-crayons_241,https://books.toscrape.com/catalogue/the-day-the-crayons-came-home-crayons_241/index.html
GBP,True,58.11,4,The Death of Humanity: and the Case for Life,the-death-of-humanity-and-the-case-for-life_932,https://books.toscrape.com/catalogue/the-death-of-humanity-and-the-case-for-life_932/index.html
GBP,True,52.25,4,The Demon-Haunted World: Science as a Candle in the Dark,the-demon-haunted-world-science-as-a-candle-in-the-dark_242,https://books.toscrape.com/catalogue/the-demon-haunted-world-science-as-a-candle-in-the-dark_242/index.html
GBP,True,27.88,2,"The Demon Prince of Momochi House, Vol. 4 (The Demon Prince of Momochi House #4)",the-demon-prince-of-momochi-house-vol-4-the-demon-prince-of-momochi-house-4_344,https://books.toscrape.com/catalogue/the-demon-prince-of-momochi-house-vol-4-the-demon-prince-of-momochi-house-4_344/index.html
GBP,True,52.11,2,The Demonists (Demonist #1),the-demonists-demonist-1_345,https://books.toscrape.com/catalogue/the-demonists-demonist-1_345/index.html
GBP,True,44.29,1,The Devil Wears Prada (The Devil Wears Prada #1),the-devil-wears-prada-the-devil-wears-prada-1_243,https://books.toscrape.com/catalogue/the-devil-wears-prada-the-devil-wears-prada-1_243/index.html
GBP,True,59.90,3,The Diary of a Young Girl,the-diary-of-a-young-girl_634,https://books.toscrape.com/catalogue/the-diary-of-a-young-girl_634/index.html
GBP,True,56.54,2,The Dinner Party,the-dinner-party_635,https://books.toscrape.com/catalogue/the-dinner-party_635/index.html
GBP,True,33.34,4,The Dirty Little Secrets of Getting Your Dream Job,the-dirty-little-secrets-of-getting-your-dream-job_994,https://books.toscrape.com/catalogue/the-dirty-little-secrets-of-getting-your-dream-job_994/index.html
GBP,True,57.35,5,"The Disappearing Spoon: And Other True Tales of Madness, Love, and the History of the World from the Periodic Table of the Elements",the-disappearing-spoon-and-other-true-tales-of-madness-love-and-the-history-of-the-world-from-the-periodic-table-of-the-elements_244,https://books.toscrape.com/catalogue/the-disappearing-spoon-and-other-true-tales-of-madness-love-and-the-history-of-the-world-from-the-periodic-table-of-the-elements_244/index.html
GBP,True,48.78,1,The Dovekeepers,the-dovekeepers_748,https://books.toscrape.com/catalogue/the-dovekeepers_748/index.html
GBP,True,34.50,1,The Dream Thieves (The Raven Cycle #2),the-dream-thieves-the-raven-cycle-2_400,https://books.toscrape.com/catalogue/the-dream-thieves-the-raven-cycle-2_400/index.html
GBP,True,35.67,3,The Drowning Girls,the-drowning-girls_494,https://books.toscrape.com/catalogue/the-drowning-girls_494/index.html
GBP,True,36.91,1,The E-Myth Revisited: Why Most Small Businesses Don't Work and What to Do About It,the-e-myth-revisited-why-most-small-businesses-dont-work-and-what-to-do-about-it_545,https://books.toscrape.com/catalogue/the-e-myth-revisited-why-most-small-businesses-dont-work-and-what-to-do-about-it_545/index.html
GBP,True,19.18,4,The Edge of Reason (Bridget Jones #2),the-edge-of-reason-bridget-jones-2_63,https://books.toscrape.com/catalogue/the-edge-of-reason-bridget-jones-2_63/index.html
GBP,True,56.06,1,The Electric Pencil: Drawings from Inside State Hospital No. 3,the-electric-pencil-drawings-from-inside-state-hospital-no-3_933,https://books.toscrape.com/catalogue/the-electric-pencil-drawings-from-inside-state-hospital-no-3_933/index.html
GBP,True,13.03,4,"The Elegant Universe: Superstrings, Hidden Dimensions, and the Quest for the Ultimate Theory",the-elegant-universe-superstrings-hidden-dimensions-and-the-quest-for-the-ultimate-theory_245,https://books.toscrape.com/catalogue/the-elegant-universe-superstrings-hidden-dimensions-and-the-quest-for-the-ultimate-theory_245/index.html
GBP,True,23.82,5,The Elephant Tree,the-elephant-tree_968,https://books.toscrape.com/catalogue/the-elephant-tree_968/index.html
GBP,True,23.15,2,The Emerald Mystery,the-emerald-mystery_842,https://books.toscrape.com/catalogue/the-emerald-mystery_842/index.html
GBP,True,22.13,4,"The End of Faith: Religion, Terror, and the Future of Reason",the-end-of-faith-religion-terror-and-the-future-of-reason_246,https://books.toscrape.com/catalogue/the-end-of-faith-religion-terror-and-the-future-of-reason_246/index.html
GBP,True,14.40,1,The End of the Jesus Era (An Investigation #1),the-end-of-the-jesus-era-an-investigation-1_64,https://books.toscrape.com/catalogue/the-end-of-the-jesus-era-an-investigation-1_64/index.html
GBP,True,14.44,5,The Epidemic (The Program 0.6),the-epidemic-the-program-06_636,https://books.toscrape.com/catalogue/the-epidemic-the-program-06_636/index.html
GBP,True,43.45,3,The Exiled,the-exiled_247,https://books.toscrape.com/catalogue/the-exiled_247/index.html
GBP,True,44.58,2,The Expatriates,the-expatriates_401,https://books.toscrape.com/catalogue/the-expatriates_401/index.html
GBP,True,55.91,1,"The Fabric of the Cosmos: Space, Time, and the Texture of Reality",the-fabric-of-the-cosmos-space-time-and-the-texture-of-reality_572,https://books.toscrape.com/catalogue/the-fabric-of-the-cosmos-space-time-and-the-texture-of-reality_572/index.html
GBP,True,39.55,1,The Faith of Christopher Hitchens: The Restless Soul of the World's Most Notorious Atheist,the-faith-of-christopher-hitchens-the-restless-soul-of-the-worlds-most-notorious-atheist_495,https://books.toscrape.com/catalogue/the-faith-of-christopher-hitchens-the-restless-soul-of-the-worlds-most-notorious-atheist_495/index.html
GBP,True,56.00,5,The False Prince (The Ascendance Trilogy #1),the-false-prince-the-ascendance-trilogy-1_402,https://books.toscrape.com/catalogue/the-false-prince-the-ascendance-trilogy-1_402/index.html
GBP,True,47.22,1,The Fault in Our Stars,the-fault-in-our-stars_403,https://books.toscrape.com/catalogue/the-fault-in-our-stars_403/index.html
GBP,True,10.27,2,The Fellowship of the Ring (The Lord of the Rings #1),the-fellowship-of-the-ring-the-lord-of-the-rings-1_442,https://books.toscrape.com/catalogue/the-fellowship-of-the-ring-the-lord-of-the-rings-1_442/index.html
GBP,True,45.56,3,The Firm,the-firm_404,https://books.toscrape.com/catalogue/the-firm_404/index.html
GBP,True,25.85,3,The First Hostage (J.B. Collins #2),the-first-hostage-jb-collins-2_749,https://books.toscrape.com/catalogue/the-first-hostage-jb-collins-2_749/index.html
GBP,True,31.05,3,The Five Love Languages: How to Express Heartfelt Commitment to Your Mate,the-five-love-languages-how-to-express-heartfelt-commitment-to-your-mate_969,https://books.toscrape.com/catalogue/the-five-love-languages-how-to-express-heartfelt-commitment-to-your-mate_969/index.html
GBP,True,16.68,2,The Flowers Lied,the-flowers-lied_573,https://books.toscrape.com/catalogue/the-flowers-lied_573/index.html
GBP,True,17.66,5,The Four Agreements: A Practical Guide to Personal Freedom,the-four-agreements-a-practical-guide-to-personal-freedom_970,https://books.toscrape.com/catalogue/the-four-agreements-a-practical-guide-to-personal-freedom_970/index.html
GBP,True,17.24,1,The Genius of Birds,the-genius-of-birds_843,https://books.toscrape.com/catalogue/the-genius-of-birds_843/index.html
GBP,True,28.23,2,The Geography of Bliss: One Grump's Search for the Happiest Places in the World,the-geography-of-bliss-one-grumps-search-for-the-happiest-places-in-the-world_346,https://books.toscrape.com/catalogue/the-geography-of-bliss-one-grumps-search-for-the-happiest-places-in-the-world_346/index.html
GBP,True,15.85,3,The Girl In The Ice (DCI Erika Foster #1),the-girl-in-the-ice-dci-erika-foster-1_65,https://books.toscrape.com/catalogue/the-girl-in-the-ice-dci-erika-foster-1_65/index.html
GBP,True,55.02,2,The Girl on the Train,the-girl-on-the-train_844,https://books.toscrape.com/catalogue/the-girl-on-the-train_844/index.html
GBP,True,57.48,1,The Girl Who Kicked the Hornet's Nest (Millennium Trilogy #3),the-girl-who-kicked-the-hornets-nest-millennium-trilogy-3_248,https://books.toscrape.com/catalogue/the-girl-who-kicked-the-hornets-nest-millennium-trilogy-3_248/index.html
GBP,True,22.14,2,The Girl Who Played with Fire (Millennium Trilogy #2),the-girl-who-played-with-fire-millennium-trilogy-2_249,https://books.toscrape.com/catalogue/the-girl-who-played-with-fire-millennium-trilogy-2_249/index.html
GBP,True,49.47,3,The Girl with All the Gifts,the-girl-with-all-the-gifts_250,https://books.toscrape.com/catalogue/the-girl-with-all-the-gifts_250/index.html
GBP,True,15.79,1,The Girl You Left Behind (The Girl You Left Behind #1),the-girl-you-left-behind-the-girl-you-left-behind-1_443,https://books.toscrape.com/catalogue/the-girl-you-left-behind-the-girl-you-left-behind-1_443/index.html
GBP,True,12.29,5,The Girl You Lost,the-girl-you-lost_66,https://books.toscrape.com/catalogue/the-girl-you-lost_66/index.html
GBP,True,12.30,1,The Giver (The Giver Quartet #1),the-giver-the-giver-quartet-1_251,https://books.toscrape.com/catalogue/the-giver-the-giver-quartet-1_251/index.html
GBP,True,16.24,1,The Glass Castle,the-glass-castle_496,https://books.toscrape.com/catalogue/the-glass-castle_496/index.html
GBP,True,44.28,1,The Glittering Court (The Glittering Court #1),the-glittering-court-the-glittering-court-1_845,https://books.toscrape.com/catalogue/the-glittering-court-the-glittering-court-1_845/index.html
GBP,True,46.85,3,The God Delusion,the-god-delusion_444,https://books.toscrape.com/catalogue/the-god-delusion_444/index.html
GBP,True,18.77,1,The Golden Compass (His Dark Materials #1),the-golden-compass-his-dark-materials-1_445,https://books.toscrape.com/catalogue/the-golden-compass-his-dark-materials-1_445/index.html
GBP,True,39.43,1,The Golden Condom: And Other Essays on Love Lost and Found,the-golden-condom-and-other-essays-on-love-lost-and-found_637,https://books.toscrape.com/catalogue/the-golden-condom-and-other-essays-on-love-lost-and-found_637/index.html
GBP,True,43.58,3,The Goldfinch,the-goldfinch_252,https://books.toscrape.com/catalogue/the-goldfinch_252/index.html
GBP,True,49.03,3,The Good Girl,the-good-girl_497,https://books.toscrape.com/catalogue/the-good-girl_497/index.html
GBP,True,13.76,3,The Grand Design,the-grand-design_405,https://books.toscrape.com/catalogue/the-grand-design_405/index.html
GBP,True,59.15,4,The Gray Rhino: How to Recognize and Act on the Obvious Dangers We Ignore,the-gray-rhino-how-to-recognize-and-act-on-the-obvious-dangers-we-ignore_638,https://books.toscrape.com/catalogue/the-gray-rhino-how-to-recognize-and-act-on-the-obvious-dangers-we-ignore_638/index.html
GBP,True,36.05,4,The Great Gatsby,the-great-gatsby_498,https://books.toscrape.com/catalogue/the-great-gatsby_498/index.html
GBP,True,30.54,1,The Great Railway Bazaar,the-great-railway-bazaar_446,https://books.toscrape.com/catalogue/the-great-railway-bazaar_446/index.html
GBP,True,35.88,1,The Grownup,the-grownup_546,https://books.toscrape.com/catalogue/the-grownup_546/index.html
GBP,True,49.53,1,The Guernsey Literary and Potato Peel Pie Society,the-guernsey-literary-and-potato-peel-pie-society_253,https://books.toscrape.com/catalogue/the-guernsey-literary-and-potato-peel-pie-society_253/index.html
GBP,True,13.82,2,The Guilty (Will Robie #4),the-guilty-will-robie-4_750,https://books.toscrape.com/catalogue/the-guilty-will-robie-4_750/index.html
GBP,True,16.81,4,The Gunning of America: Business and the Making of American Gun Culture,the-gunning-of-america-business-and-the-making-of-american-gun-culture_347,https://books.toscrape.com/catalogue/the-gunning-of-america-business-and-the-making-of-american-gun-culture_347/index.html
GBP,True,14.54,2,The Guns of August,the-guns-of-august_254,https://books.toscrape.com/catalogue/the-guns-of-august_254/index.html
GBP,True,37.13,1,The Gutsy Girl: Escapades for Your Life of Epic Adventure,the-gutsy-girl-escapades-for-your-life-of-epic-adventure_934,https://books.toscrape.com/catalogue/the-gutsy-girl-escapades-for-your-life-of-epic-adventure_934/index.html
GBP,True,27.89,5,The Haters,the-haters_67,https://books.toscrape.com/catalogue/the-haters_67/index.html
GBP,True,28.77,3,The Help Yourself Cookbook for Kids: 60 Easy Plant-Based Recipes Kids Can Make to Stay Healthy and Save the Earth,the-help-yourself-cookbook-for-kids-60-easy-plant-based-recipes-kids-can-make-to-stay-healthy-and-save-the-earth_751,https://books.toscrape.com/catalogue/the-help-yourself-cookbook-for-kids-60-easy-plant-based-recipes-kids-can-make-to-stay-healthy-and-save-the-earth_751/index.html
GBP,True,52.26,2,The Hidden Oracle (The Trials of Apollo #1),the-hidden-oracle-the-trials-of-apollo-1_752,https://books.toscrape.com/catalogue/the-hidden-oracle-the-trials-of-apollo-1_752/index.html
GBP,True,55.91,4,The Hiding Place,the-hiding-place_406,https://books.toscrape.com/catalogue/the-hiding-place_406/index.html
GBP,True,51.15,1,The High Mountains of Portugal,the-high-mountains-of-portugal_547,https://books.toscrape.com/catalogue/the-high-mountains-of-portugal_547/index.html
GBP,True,47.80,3,The Hitchhiker's Guide to the Galaxy (Hitchhiker's Guide to the Galaxy #1),the-hitchhikers-guide-to-the-galaxy-hitchhikers-guide-to-the-galaxy-1_255,https://books.toscrape.com/catalogue/the-hitchhikers-guide-to-the-galaxy-hitchhikers-guide-to-the-galaxy-1_255/index.html
GBP,True,17.80,5,The Hobbit (Middle-Earth Universe),the-hobbit-middle-earth-universe_447,https://books.toscrape.com/catalogue/the-hobbit-middle-earth-universe_447/index.html
GBP,True,36.29,5,The Hook Up (Game On #1),the-hook-up-game-on-1_68,https://books.toscrape.com/catalogue/the-hook-up-game-on-1_68/index.html
GBP,True,14.82,2,The Hound of the Baskervilles (Sherlock Holmes #5),the-hound-of-the-baskervilles-sherlock-holmes-5_348,https://books.toscrape.com/catalogue/the-hound-of-the-baskervilles-sherlock-holmes-5_348/index.html
GBP,True,36.95,1,The House by the Lake,the-house-by-the-lake_846,https://books.toscrape.com/catalogue/the-house-by-the-lake_846/index.html
GBP,True,29.85,5,The Hunger Games (The Hunger Games #1),the-hunger-games-the-hunger-games-1_349,https://books.toscrape.com/catalogue/the-hunger-games-the-hunger-games-1_349/index.html
GBP,True,52.51,5,The Husband's Secret,the-husbands-secret_256,https://books.toscrape.com/catalogue/the-husbands-secret_256/index.html
GBP,True,16.16,1,The Iliad,the-iliad_69,https://books.toscrape.com/catalogue/the-iliad_69/index.html
GBP,True,40.67,2,The Immortal Life of Henrietta Lacks,the-immortal-life-of-henrietta-lacks_753,https://books.toscrape.com/catalogue/the-immortal-life-of-henrietta-lacks_753/index.html
GBP,True,59.45,1,The Improbability of Love,the-improbability-of-love_607,https://books.toscrape.com/catalogue/the-improbability-of-love_607/index.html
GBP,True,20.59,5,"The Inefficiency Assassin: Time Management Tactics for Working Smarter, Not Longer",the-inefficiency-assassin-time-management-tactics-for-working-smarter-not-longer_935,https://books.toscrape.com/catalogue/the-inefficiency-assassin-time-management-tactics-for-working-smarter-not-longer_935/index.html
GBP,True,27.41,1,The Infinities,the-infinities_257,https://books.toscrape.com/catalogue/the-infinities_257/index.html
GBP,True,37.34,1,The Invention of Wings,the-invention-of-wings_448,https://books.toscrape.com/catalogue/the-invention-of-wings_448/index.html
GBP,True,38.71,3,The Jazz of Physics: The Secret Link Between Music and the Structure of the Universe,the-jazz-of-physics-the-secret-link-between-music-and-the-structure-of-the-universe_350,https://books.toscrape.com/catalogue/the-jazz-of-physics-the-secret-link-between-music-and-the-structure-of-the-universe_350/index.html
GBP,True,43.27,4,The Joy of Cooking,the-joy-of-cooking_449,https://books.toscrape.com/catalogue/the-joy-of-cooking_449/index.html
GBP,True,41.82,4,The Kite Runner,the-kite-runner_847,https://books.toscrape.com/catalogue/the-kite-runner_847/index.html
GBP,True,29.64,4,"The Land of 10,000 Madonnas",the-land-of-10000-madonnas_258,https://books.toscrape.com/catalogue/the-land-of-10000-madonnas_258/index.html
GBP,True,36.26,2,The Last Girl (The Dominion Trilogy #1),the-last-girl-the-dominion-trilogy-1_70,https://books.toscrape.com/catalogue/the-last-girl-the-dominion-trilogy-1_70/index.html
GBP,True,54.21,2,The Last Mile (Amos Decker #2),the-last-mile-amos-decker-2_754,https://books.toscrape.com/catalogue/the-last-mile-amos-decker-2_754/index.html
GBP,True,55.55,2,The Last Painting of Sara de Vos,the-last-painting-of-sara-de-vos_259,https://books.toscrape.com/catalogue/the-last-painting-of-sara-de-vos_259/index.html
GBP,True,33.92,3,The Lean Startup: How Today's Entrepreneurs Use Continuous Innovation to Create Radically Successful Businesses,the-lean-startup-how-todays-entrepreneurs-use-continuous-innovation-to-create-radically-successful-businesses_260,https://books.toscrape.com/catalogue/the-lean-startup-how-todays-entrepreneurs-use-continuous-innovation-to-create-radically-successful-businesses_260/index.html
GBP,True,16.77,3,The Life-Changing Magic of Tidying Up: The Japanese Art of Decluttering and Organizing,the-life-changing-magic-of-tidying-up-the-japanese-art-of-decluttering-and-organizing_936,https://books.toscrape.com/catalogue/the-life-changing-magic-of-tidying-up-the-japanese-art-of-decluttering-and-organizing_936/index.html
GBP,True,54.43,1,The Light of the Fireflies,the-light-of-the-fireflies_71,https://books.toscrape.com/catalogue/the-light-of-the-fireflies_71/index.html
GBP,True,17.43,3,The Literature Book (Big Ideas Simply Explained),the-literature-book-big-ideas-simply-explained_755,https://books.toscrape.com/catalogue/the-literature-book-big-ideas-simply-explained_755/index.html
GBP,True,24.73,3,The Little Paris Bookshop,the-little-paris-bookshop_407,https://books.toscrape.com/catalogue/the-little-paris-bookshop_407/index.html
GBP,True,45.42,2,The Little Prince,the-little-prince_72,https://books.toscrape.com/catalogue/the-little-prince_72/index.html
GBP,True,33.26,2,The Lonely City: Adventures in the Art of Being Alone,the-lonely-city-adventures-in-the-art-of-being-alone_639,https://books.toscrape.com/catalogue/the-lonely-city-adventures-in-the-art-of-being-alone_639/index.html
GBP,True,43.59,5,The Lonely Ones,the-lonely-ones_261,https://books.toscrape.com/catalogue/the-lonely-ones_261/index.html
GBP,True,23.40,1,The Loney,the-loney_756,https://books.toscrape.com/catalogue/the-loney_756/index.html
GBP,True,44.07,1,The Long Haul (Diary of a Wimpy Kid #9),the-long-haul-diary-of-a-wimpy-kid-9_757,https://books.toscrape.com/catalogue/the-long-haul-diary-of-a-wimpy-kid-9_757/index.html
GBP,True,10.97,1,The Long Shadow of Small Ghosts: Murder and Memory in an American City,the-long-shadow-of-small-ghosts-murder-and-memory-in-an-american-city_848,https://books.toscrape.com/catalogue/the-long-shadow-of-small-ghosts-murder-and-memory-in-an-american-city_848/index.html
GBP,True,37.60,2,The Love and Lemons Cookbook: An Apple-to-Zucchini Celebration of Impromptu Cooking,the-love-and-lemons-cookbook-an-apple-to-zucchini-celebration-of-impromptu-cooking_849,https://books.toscrape.com/catalogue/the-love-and-lemons-cookbook-an-apple-to-zucchini-celebration-of-impromptu-cooking_849/index.html
GBP,True,58.09,2,The Lover's Dictionary,the-lovers-dictionary_262,https://books.toscrape.com/catalogue/the-lovers-dictionary_262/index.html
GBP,True,10.40,1,The Lucifer Effect: Understanding How Good People Turn Evil,the-lucifer-effect-understanding-how-good-people-turn-evil_758,https://books.toscrape.com/catalogue/the-lucifer-effect-understanding-how-good-people-turn-evil_758/index.html
GBP,True,31.58,2,The Makings of a Fatherless Child,the-makings-of-a-fatherless-child_450,https://books.toscrape.com/catalogue/the-makings-of-a-fatherless-child_450/index.html
GBP,True,59.45,4,The Man Who Mistook His Wife for a Hat and Other Clinical Tales,the-man-who-mistook-his-wife-for-a-hat-and-other-clinical-tales_451,https://books.toscrape.com/catalogue/the-man-who-mistook-his-wife-for-a-hat-and-other-clinical-tales_451/index.html
GBP,True,28.08,4,The Marriage of Opposites,the-marriage-of-opposites_759,https://books.toscrape.com/catalogue/the-marriage-of-opposites_759/index.html
GBP,True,41.39,2,The Martian (The Martian #1),the-martian-the-martian-1_548,https://books.toscrape.com/catalogue/the-martian-the-martian-1_548/index.html
GBP,True,55.85,1,The Matchmaker's Playbook (Wingmen Inc. #1),the-matchmakers-playbook-wingmen-inc-1_850,https://books.toscrape.com/catalogue/the-matchmakers-playbook-wingmen-inc-1_850/index.html
GBP,True,42.91,5,The Mathews Men: Seven Brothers and the War Against Hitler's U-boats,the-mathews-men-seven-brothers-and-the-war-against-hitlers-u-boats_408,https://books.toscrape.com/catalogue/the-mathews-men-seven-brothers-and-the-war-against-hitlers-u-boats_408/index.html
GBP,True,20.93,1,The Maze Runner (The Maze Runner #1),the-maze-runner-the-maze-runner-1_263,https://books.toscrape.com/catalogue/the-maze-runner-the-maze-runner-1_263/index.html
GBP,True,28.58,1,The Metamorphosis,the-metamorphosis_409,https://books.toscrape.com/catalogue/the-metamorphosis_409/index.html
GBP,True,28.45,4,"The Midnight Assassin: Panic, Scandal, and the Hunt for America's First Serial Killer",the-midnight-assassin-panic-scandal-and-the-hunt-for-americas-first-serial-killer_549,https://books.toscrape.com/catalogue/the-midnight-assassin-panic-scandal-and-the-hunt-for-americas-first-serial-killer_549/index.html
GBP,True,26.20,1,The Midnight Watch: A Novel of the Titanic and the Californian,the-midnight-watch-a-novel-of-the-titanic-and-the-californian_640,https://books.toscrape.com/catalogue/the-midnight-watch-a-novel-of-the-titanic-and-the-californian_640/index.html
GBP,True,23.89,4,"The Mindfulness and Acceptance Workbook for Anxiety: A Guide to Breaking Free from Anxiety, Phobias, and Worry Using Acceptance and Commitment Therapy",the-mindfulness-and-acceptance-workbook-for-anxiety-a-guide-to-breaking-free-from-anxiety-phobias-and-worry-using-acceptance-and-commitment-therapy_937,https://books.toscrape.com/catalogue/the-mindfulness-and-acceptance-workbook-for-anxiety-a-guide-to-breaking-free-from-anxiety-phobias-and-worry-using-acceptance-and-commitment-therapy_937/index.html
GBP,True,29.38,1,The Mirror & the Maze (The Wrath and the Dawn #1.5),the-mirror-the-maze-the-wrath-and-the-dawn-15_73,https://books.toscrape.com/catalogue/the-mirror-the-maze-the-wrath-and-the-dawn-15_73/index.html
GBP,True,43.29,3,The Mistake (Off-Campus #2),the-mistake-off-campus-2_851,https://books.toscrape.com/catalogue/the-mistake-off-campus-2_851/index.html
GBP,True,12.34,4,"The Moosewood Cookbook: Recipes from Moosewood Restaurant, Ithaca, New York",the-moosewood-cookbook-recipes-from-moosewood-restaurant-ithaca-new-york_574,https://books.toscrape.com/catalogue/the-moosewood-cookbook-recipes-from-moosewood-restaurant-ithaca-new-york_574/index.html
GBP,True,42.96,4,The Most Perfect Thing: Inside (and Outside) a Bird's Egg,the-most-perfect-thing-inside-and-outside-a-birds-egg_938,https://books.toscrape.com/catalogue/the-most-perfect-thing-inside-and-outside-a-birds-egg_938/index.html
GBP,True,44.10,4,The Murder of Roger Ackroyd (Hercule Poirot #4),the-murder-of-roger-ackroyd-hercule-poirot-4_852,https://books.toscrape.com/catalogue/the-murder-of-roger-ackroyd-hercule-poirot-4_852/index.html
GBP,True,54.11,3,The Murder That Never Was (Forensic Instincts #5),the-murder-that-never-was-forensic-instincts-5_939,https://books.toscrape.com/catalogue/the-murder-that-never-was-forensic-instincts-5_939/index.html
GBP,True,24.80,4,The Mysterious Affair at Styles (Hercule Poirot #1),the-mysterious-affair-at-styles-hercule-poirot-1_452,https://books.toscrape.com/catalogue/the-mysterious-affair-at-styles-hercule-poirot-1_452/index.html
GBP,True,37.25,2,The Name of God is Mercy,the-name-of-god-is-mercy_264,https://books.toscrape.com/catalogue/the-name-of-god-is-mercy_264/index.html
GBP,True,50.59,3,The Name of the Wind (The Kingkiller Chronicle #1),the-name-of-the-wind-the-kingkiller-chronicle-1_74,https://books.toscrape.com/catalogue/the-name-of-the-wind-the-kingkiller-chronicle-1_74/index.html
GBP,True,38.16,4,The Nameless City (The Nameless City #1),the-nameless-city-the-nameless-city-1_940,https://books.toscrape.com/catalogue/the-nameless-city-the-nameless-city-1_940/index.html
GBP,True,52.53,5,The Nanny Diaries (Nanny #1),the-nanny-diaries-nanny-1_265,https://books.toscrape.com/catalogue/the-nanny-diaries-nanny-1_265/index.html
GBP,True,45.22,3,The Natural History of Us (The Fine Art of Pretending #2),the-natural-history-of-us-the-fine-art-of-pretending-2_941,https://books.toscrape.com/catalogue/the-natural-history-of-us-the-fine-art-of-pretending-2_941/index.html
GBP,True,37.34,5,The Nerdy Nummies Cookbook: Sweet Treats for the Geek in All of Us,the-nerdy-nummies-cookbook-sweet-treats-for-the-geek-in-all-of-us_853,https://books.toscrape.com/catalogue/the-nerdy-nummies-cookbook-sweet-treats-for-the-geek-in-all-of-us_853/index.html
GBP,True,44.05,5,The New Brand You: Your New Image Makes the Sale for You,the-new-brand-you-your-new-image-makes-the-sale-for-you_575,https://books.toscrape.com/catalogue/the-new-brand-you-your-new-image-makes-the-sale-for-you_575/index.html
GBP,True,43.02,3,The New Drawing on the Right Side of the Brain,the-new-drawing-on-the-right-side-of-the-brain_550,https://books.toscrape.com/catalogue/the-new-drawing-on-the-right-side-of-the-brain_550/index.html
GBP,True,44.92,3,The New Guy (and Other Senior Year Distractions),the-new-guy-and-other-senior-year-distractions_266,https://books.toscrape.com/catalogue/the-new-guy-and-other-senior-year-distractions_266/index.html
GBP,True,36.34,1,The Nicomachean Ethics,the-nicomachean-ethics_75,https://books.toscrape.com/catalogue/the-nicomachean-ethics_75/index.html
GBP,True,26.26,4,The Nightingale,the-nightingale_267,https://books.toscrape.com/catalogue/the-nightingale_267/index.html
GBP,True,57.70,4,The No. 1 Ladies' Detective Agency (No. 1 Ladies' Detective Agency #1),the-no-1-ladies-detective-agency-no-1-ladies-detective-agency-1_76,https://books.toscrape.com/catalogue/the-no-1-ladies-detective-agency-no-1-ladies-detective-agency-1_76/index.html
GBP,True,45.43,1,The Obsession,the-obsession_268,https://books.toscrape.com/catalogue/the-obsession_268/index.html
GBP,True,29.64,3,The Odyssey,the-odyssey_77,https://books.toscrape.com/catalogue/the-odyssey_77/index.html
GBP,True,38.21,2,The Omnivore's Dilemma: A Natural History of Four Meals,the-omnivores-dilemma-a-natural-history-of-four-meals_854,https://books.toscrape.com/catalogue/the-omnivores-dilemma-a-natural-history-of-four-meals_854/index.html
GBP,True,10.01,4,The Origin of Species,the-origin-of-species_499,https://books.toscrape.com/catalogue/the-origin-of-species_499/index.html
GBP,True,36.80,3,The Paris Wife,the-paris-wife_269,https://books.toscrape.com/catalogue/the-paris-wife_269/index.html
GBP,True,28.32,5,The Passion of Dolssa,the-passion-of-dolssa_351,https://books.toscrape.com/catalogue/the-passion-of-dolssa_351/index.html
GBP,True,56.50,4,The Past Never Ends,the-past-never-ends_942,https://books.toscrape.com/catalogue/the-past-never-ends_942/index.html
GBP,True,59.99,3,The Perfect Play (Play by Play #1),the-perfect-play-play-by-play-1_352,https://books.toscrape.com/catalogue/the-perfect-play-play-by-play-1_352/index.html
GBP,True,55.02,3,The Perks of Being a Wallflower,the-perks-of-being-a-wallflower_453,https://books.toscrape.com/catalogue/the-perks-of-being-a-wallflower_453/index.html
GBP,True,29.70,2,The Picture of Dorian Gray,the-picture-of-dorian-gray_270,https://books.toscrape.com/catalogue/the-picture-of-dorian-gray_270/index.html
GBP,True,50.26,2,The Pilgrim's Progress,the-pilgrims-progress_353,https://books.toscrape.com/catalogue/the-pilgrims-progress_353/index.html
GBP,True,56.41,1,"The Pioneer Woman Cooks: Dinnertime: Comfort Classics, Freezer Food, 16-Minute Meals, and Other Delicious Ways to Solve Supper!",the-pioneer-woman-cooks-dinnertime-comfort-classics-freezer-food-16-minute-meals-and-other-delicious-ways-to-solve-supper_943,https://books.toscrape.com/catalogue/the-pioneer-woman-cooks-dinnertime-comfort-classics-freezer-food-16-minute-meals-and-other-delicious-ways-to-solve-supper_943/index.html
GBP,True,11.05,5,The Power Greens Cookbook: 140 Delicious Superfood Recipes,the-power-greens-cookbook-140-delicious-superfood-recipes_410,https://books.toscrape.com/catalogue/the-power-greens-cookbook-140-delicious-superfood-recipes_410/index.html
GBP,True,16.88,3,The Power of Habit: Why We Do What We Do in Life and Business,the-power-of-habit-why-we-do-what-we-do-in-life-and-business_760,https://books.toscrape.com/catalogue/the-power-of-habit-why-we-do-what-we-do-in-life-and-business_760/index.html
GBP,True,43.54,2,The Power of Now: A Guide to Spiritual Enlightenment,the-power-of-now-a-guide-to-spiritual-enlightenment_855,https://books.toscrape.com/catalogue/the-power-of-now-a-guide-to-spiritual-enlightenment_855/index.html
GBP,True,10.65,1,The Project,the-project_856,https://books.toscrape.com/catalogue/the-project_856/index.html
GBP,True,36.00,2,The Psychopath Test: A Journey Through the Madness Industry,the-psychopath-test-a-journey-through-the-madness-industry_857,https://books.toscrape.com/catalogue/the-psychopath-test-a-journey-through-the-madness-industry_857/index.html
GBP,True,12.25,1,The Purest Hook (Second Circle Tattoos #3),the-purest-hook-second-circle-tattoos-3_271,https://books.toscrape.com/catalogue/the-purest-hook-second-circle-tattoos-3_271/index.html
GBP,True,37.19,3,The Purpose Driven Life: What on Earth Am I Here for?,the-purpose-driven-life-what-on-earth-am-i-here-for_272,https://books.toscrape.com/catalogue/the-purpose-driven-life-what-on-earth-am-i-here-for_272/index.html
GBP,True,57.74,4,The Raven Boys (The Raven Cycle #1),the-raven-boys-the-raven-cycle-1_411,https://books.toscrape.com/catalogue/the-raven-boys-the-raven-cycle-1_411/index.html
GBP,True,30.57,2,The Raven King (The Raven Cycle #4),the-raven-king-the-raven-cycle-4_412,https://books.toscrape.com/catalogue/the-raven-king-the-raven-cycle-4_412/index.html
GBP,True,35.66,5,The Red Tent,the-red-tent_273,https://books.toscrape.com/catalogue/the-red-tent_273/index.html
GBP,True,51.36,5,The Regional Office Is Under Attack!,the-regional-office-is-under-attack_858,https://books.toscrape.com/catalogue/the-regional-office-is-under-attack_858/index.html
GBP,True,33.78,3,The Republic,the-republic_78,https://books.toscrape.com/catalogue/the-republic_78/index.html
GBP,True,22.65,1,The Requiem Red,the-requiem-red_995,https://books.toscrape.com/catalogue/the-requiem-red_995/index.html
GBP,True,34.77,1,The Rest Is Noise: Listening to the Twentieth Century,the-rest-is-noise-listening-to-the-twentieth-century_274,https://books.toscrape.com/catalogue/the-rest-is-noise-listening-to-the-twentieth-century_274/index.html
GBP,True,10.92,1,The Restaurant at the End of the Universe (Hitchhiker's Guide to the Galaxy #2),the-restaurant-at-the-end-of-the-universe-hitchhikers-guide-to-the-galaxy-2_275,https://books.toscrape.com/catalogue/the-restaurant-at-the-end-of-the-universe-hitchhikers-guide-to-the-galaxy-2_275/index.html
GBP,True,39.67,2,The Rise and Fall of the Third Reich: A History of Nazi Germany,the-rise-and-fall-of-the-third-reich-a-history-of-nazi-germany_454,https://books.toscrape.com/catalogue/the-rise-and-fall-of-the-third-reich-a-history-of-nazi-germany_454/index.html
GBP,True,42.57,3,The Rise of Theodore Roosevelt (Theodore Roosevelt #1),the-rise-of-theodore-roosevelt-theodore-roosevelt-1_276,https://books.toscrape.com/catalogue/the-rise-of-theodore-roosevelt-theodore-roosevelt-1_276/index.html
GBP,True,23.21,1,The Road to Little Dribbling: Adventures of an American in Britain (Notes From a Small Island #2),the-road-to-little-dribbling-adventures-of-an-american-in-britain-notes-from-a-small-island-2_277,https://books.toscrape.com/catalogue/the-road-to-little-dribbling-adventures-of-an-american-in-britain-notes-from-a-small-island-2_277/index.html
GBP,True,58.64,4,The Rose & the Dagger (The Wrath and the Dawn #2),the-rose-the-dagger-the-wrath-and-the-dawn-2_278,https://books.toscrape.com/catalogue/the-rose-the-dagger-the-wrath-and-the-dawn-2_278/index.html
GBP,True,54.04,1,The Rosie Project (Don Tillman #1),the-rosie-project-don-tillman-1_761,https://books.toscrape.com/catalogue/the-rosie-project-don-tillman-1_761/index.html
GBP,True,54.12,3,"The Sandman, Vol. 1: Preludes and Nocturnes (The Sandman (volumes) #1)",the-sandman-vol-1-preludes-and-nocturnes-the-sandman-volumes-1_79,https://books.toscrape.com/catalogue/the-sandman-vol-1-preludes-and-nocturnes-the-sandman-volumes-1_79/index.html
GBP,True,54.81,1,"The Sandman, Vol. 2: The Doll's House (The Sandman (volumes) #2)",the-sandman-vol-2-the-dolls-house-the-sandman-volumes-2_110,https://books.toscrape.com/catalogue/the-sandman-vol-2-the-dolls-house-the-sandman-volumes-2_110/index.html
GBP,True,55.55,5,"The Sandman, Vol. 3: Dream Country (The Sandman (volumes) #3)",the-sandman-vol-3-dream-country-the-sandman-volumes-3_279,https://books.toscrape.com/catalogue/the-sandman-vol-3-dream-country-the-sandman-volumes-3_279/index.html
GBP,True,15.08,4,The Secret Garden,the-secret-garden_413,https://books.toscrape.com/catalogue/the-secret-garden_413/index.html
GBP,True,34.56,3,The Secret Healer,the-secret-healer_80,https://books.toscrape.com/catalogue/the-secret-healer_80/index.html
GBP,True,56.13,1,The Secret of Dreadwillow Carse,the-secret-of-dreadwillow-carse_944,https://books.toscrape.com/catalogue/the-secret-of-dreadwillow-carse_944/index.html
GBP,True,27.37,4,The Secret (The Secret #1),the-secret-the-secret-1_859,https://books.toscrape.com/catalogue/the-secret-the-secret-1_859/index.html
GBP,True,29.45,1,The Selfish Gene,the-selfish-gene_81,https://books.toscrape.com/catalogue/the-selfish-gene_81/index.html
GBP,True,31.38,3,The Sense of an Ending,the-sense-of-an-ending_111,https://books.toscrape.com/catalogue/the-sense-of-an-ending_111/index.html
GBP,True,28.03,1,The Shack,the-shack_576,https://books.toscrape.com/catalogue/the-shack_576/index.html
GBP,True,33.14,1,The Shadow Hero (The Shadow Hero),the-shadow-hero-the-shadow-hero_860,https://books.toscrape.com/catalogue/the-shadow-hero-the-shadow-hero_860/index.html
GBP,True,27.88,3,The Shining (The Shining #1),the-shining-the-shining-1_354,https://books.toscrape.com/catalogue/the-shining-the-shining-1_354/index.html
GBP,True,46.29,5,The Silent Sister (Riley MacPherson #1),the-silent-sister-riley-macpherson-1_641,https://books.toscrape.com/catalogue/the-silent-sister-riley-macpherson-1_641/index.html
GBP,True,36.25,3,The Silent Twin (Detective Jennifer Knight #3),the-silent-twin-detective-jennifer-knight-3_82,https://books.toscrape.com/catalogue/the-silent-twin-detective-jennifer-knight-3_82/index.html
GBP,True,12.34,5,The Silent Wife,the-silent-wife_83,https://books.toscrape.com/catalogue/the-silent-wife_83/index.html
GBP,True,23.05,5,The Silkworm (Cormoran Strike #2),the-silkworm-cormoran-strike-2_280,https://books.toscrape.com/catalogue/the-silkworm-cormoran-strike-2_280/index.html
GBP,True,11.68,4,"The Sleep Revolution: Transforming Your Life, One Night at a Time",the-sleep-revolution-transforming-your-life-one-night-at-a-time_608,https://books.toscrape.com/catalogue/the-sleep-revolution-transforming-your-life-one-night-at-a-time_608/index.html
GBP,True,23.59,1,The Smitten Kitchen Cookbook,the-smitten-kitchen-cookbook_281,https://books.toscrape.com/catalogue/the-smitten-kitchen-cookbook_281/index.html
GBP,True,37.40,5,The Song of Achilles,the-song-of-achilles_762,https://books.toscrape.com/catalogue/the-song-of-achilles_762/index.html
GBP,True,44.48,5,The Songs of the Gods,the-songs-of-the-gods_763,https://books.toscrape.com/catalogue/the-songs-of-the-gods_763/index.html
GBP,True,57.84,5,The Sound Of Love,the-sound-of-love_455,https://books.toscrape.com/catalogue/the-sound-of-love_455/index.html
GBP,True,57.86,2,The Stand,the-stand_282,https://books.toscrape.com/catalogue/the-stand_282/index.html
GBP,True,32.30,5,The Star-Touched Queen,the-star-touched-queen_642,https://books.toscrape.com/catalogue/the-star-touched-queen_642/index.html
GBP,True,46.02,5,The Star-Touched Queen,the-star-touched-queen_764,https://books.toscrape.com/catalogue/the-star-touched-queen_764/index.html
GBP,True,41.14,4,The Story of Art,the-story-of-art_500,https://books.toscrape.com/catalogue/the-story-of-art_500/index.html
GBP,True,43.19,4,The Story of Hong Gildong,the-story-of-hong-gildong_84,https://books.toscrape.com/catalogue/the-story-of-hong-gildong_84/index.html
GBP,True,17.44,4,The Stranger,the-stranger_861,https://books.toscrape.com/catalogue/the-stranger_861/index.html
GBP,True,11.89,2,"The Suffragettes (Little Black Classics, #96)",the-suffragettes-little-black-classics-96_112,https://books.toscrape.com/catalogue/the-suffragettes-little-black-classics-96_112/index.html
GBP,True,52.67,4,The Testament of Mary,the-testament-of-mary_765,https://books.toscrape.com/catalogue/the-testament-of-mary_765/index.html
GBP,True,48.77,1,The Thing About Jellyfish,the-thing-about-jellyfish_283,https://books.toscrape.com/catalogue/the-thing-about-jellyfish_283/index.html
GBP,True,12.61,5,The Third Wave: An Entrepreneur’s Vision of the Future,the-third-wave-an-entrepreneurs-vision-of-the-future_862,https://books.toscrape.com/catalogue/the-third-wave-an-entrepreneurs-vision-of-the-future_862/index.html
GBP,True,13.33,3,"The Three Searches, Meaning, and the Story",the-three-searches-meaning-and-the-story_649,https://books.toscrape.com/catalogue/the-three-searches-meaning-and-the-story_649/index.html
GBP,True,27.88,5,The Time Keeper,the-time-keeper_766,https://books.toscrape.com/catalogue/the-time-keeper_766/index.html
GBP,True,10.02,2,The Tipping Point: How Little Things Can Make a Big Difference,the-tipping-point-how-little-things-can-make-a-big-difference_284,https://books.toscrape.com/catalogue/the-tipping-point-how-little-things-can-make-a-big-difference_284/index.html
GBP,True,19.09,1,The Torch Is Passed: A Harding Family Story,the-torch-is-passed-a-harding-family-story_945,https://books.toscrape.com/catalogue/the-torch-is-passed-a-harding-family-story_945/index.html
GBP,True,15.77,1,The Travelers,the-travelers_285,https://books.toscrape.com/catalogue/the-travelers_285/index.html
GBP,True,41.56,5,The Tumor,the-tumor_85,https://books.toscrape.com/catalogue/the-tumor_85/index.html
GBP,True,45.75,4,The Undomestic Goddess,the-undomestic-goddess_286,https://books.toscrape.com/catalogue/the-undomestic-goddess_286/index.html
GBP,True,43.62,5,The Unlikely Pilgrimage of Harold Fry (Harold Fry #1),the-unlikely-pilgrimage-of-harold-fry-harold-fry-1_551,https://books.toscrape.com/catalogue/the-unlikely-pilgrimage-of-harold-fry-harold-fry-1_551/index.html
GBP,True,42.15,4,The Vacationers,the-vacationers_863,https://books.toscrape.com/catalogue/the-vacationers_863/index.html
GBP,True,24.12,1,The Wedding Dress,the-wedding-dress_864,https://books.toscrape.com/catalogue/the-wedding-dress_864/index.html
GBP,True,32.61,3,The Wedding Pact (The O'Malleys #2),the-wedding-pact-the-omalleys-2_767,https://books.toscrape.com/catalogue/the-wedding-pact-the-omalleys-2_767/index.html
GBP,True,35.96,4,The Whale,the-whale_501,https://books.toscrape.com/catalogue/the-whale_501/index.html
GBP,True,58.08,4,The White Cat and the Monk: A Retelling of the Poem “Pangur Bán”,the-white-cat-and-the-monk-a-retelling-of-the-poem-pangur-ban_865,https://books.toscrape.com/catalogue/the-white-cat-and-the-monk-a-retelling-of-the-poem-pangur-ban_865/index.html
GBP,True,25.91,5,The White Queen (The Cousins' War #1),the-white-queen-the-cousins-war-1_768,https://books.toscrape.com/catalogue/the-white-queen-the-cousins-war-1_768/index.html
GBP,True,36.52,2,"The Wicked + The Divine, Vol. 1: The Faust Act (The Wicked + The Divine)",the-wicked-the-divine-vol-1-the-faust-act-the-wicked-the-divine_86,https://books.toscrape.com/catalogue/the-wicked-the-divine-vol-1-the-faust-act-the-wicked-the-divine_86/index.html
GBP,True,14.41,3,"The Wicked + The Divine, Vol. 3: Commercial Suicide (The Wicked + The Divine)",the-wicked-the-divine-vol-3-commercial-suicide-the-wicked-the-divine_287,https://books.toscrape.com/catalogue/the-wicked-the-divine-vol-3-commercial-suicide-the-wicked-the-divine_287/index.html
GBP,True,27.26,2,The Widow,the-widow_609,https://books.toscrape.com/catalogue/the-widow_609/index.html
GBP,True,56.07,3,The Wild Robot,the-wild-robot_288,https://books.toscrape.com/catalogue/the-wild-robot_288/index.html
GBP,True,56.80,4,The Wright Brothers,the-wright-brothers_769,https://books.toscrape.com/catalogue/the-wright-brothers_769/index.html
GBP,True,34.72,1,The Year of Living Biblically: One Man's Humble Quest to Follow the Bible as Literally as Possible,the-year-of-living-biblically-one-mans-humble-quest-to-follow-the-bible-as-literally-as-possible_502,https://books.toscrape.com/catalogue/the-year-of-living-biblically-one-mans-humble-quest-to-follow-the-bible-as-literally-as-possible_502/index.html
GBP,True,43.04,2,The Year of Magical Thinking,the-year-of-magical-thinking_770,https://books.toscrape.com/catalogue/the-year-of-magical-thinking_770/index.html
GBP,True,19.69,5,The Zombie Room,the-zombie-room_87,https://books.toscrape.com/catalogue/the-zombie-room_87/index.html
GBP,True,21.14,1,"Thinking, Fast and Slow",thinking-fast-and-slow_289,https://books.toscrape.com/catalogue/thinking-fast-and-slow_289/index.html
GBP,True,17.27,5,Thirst,thirst_946,https://books.toscrape.com/catalogue/thirst_946/index.html
GBP,True,52.72,1,Thirteen Reasons Why,thirteen-reasons-why_866,https://books.toscrape.com/catalogue/thirteen-reasons-why_866/index.html
GBP,True,27.12,2,This Is Where It Ends,this-is-where-it-ends_771,https://books.toscrape.com/catalogue/this-is-where-it-ends_771/index.html
GBP,True,38.40,1,This Is Your Brain on Music: The Science of a Human Obsession,this-is-your-brain-on-music-the-science-of-a-human-obsession_414,https://books.toscrape.com/catalogue/this-is-your-brain-on-music-the-science-of-a-human-obsession_414/index.html
GBP,True,48.71,1,This One Moment (Pushing Limits #1),this-one-moment-pushing-limits-1_88,https://books.toscrape.com/catalogue/this-one-moment-pushing-limits-1_88/index.html
GBP,True,19.49,4,This One Summer,this-one-summer_947,https://books.toscrape.com/catalogue/this-one-summer_947/index.html
GBP,True,59.64,1,Thomas Jefferson and the Tripoli Pirates: The Forgotten War That Changed American History,thomas-jefferson-and-the-tripoli-pirates-the-forgotten-war-that-changed-american-history_867,https://books.toscrape.com/catalogue/thomas-jefferson-and-the-tripoli-pirates-the-forgotten-war-that-changed-american-history_867/index.html
GBP,True,23.21,3,Three-Martini Lunch,three-martini-lunch_290,https://books.toscrape.com/catalogue/three-martini-lunch_290/index.html
GBP,True,44.18,2,Three Wishes (River of Time: California #1),three-wishes-river-of-time-california-1_89,https://books.toscrape.com/catalogue/three-wishes-river-of-time-california-1_89/index.html
GBP,True,35.07,3,Throne of Glass (Throne of Glass #1),throne-of-glass-throne-of-glass-1_868,https://books.toscrape.com/catalogue/throne-of-glass-throne-of-glass-1_868/index.html
GBP,True,25.38,2,Through the Woods,through-the-woods_772,https://books.toscrape.com/catalogue/through-the-woods_772/index.html
GBP,True,31.12,3,Throwing Rocks at the Google Bus: How Growth Became the Enemy of Prosperity,throwing-rocks-at-the-google-bus-how-growth-became-the-enemy-of-prosperity_948,https://books.toscrape.com/catalogue/throwing-rocks-at-the-google-bus-how-growth-became-the-enemy-of-prosperity_948/index.html
GBP,True,37.55,1,Tipping Point for Planet Earth: How Close Are We to the Edge?,tipping-point-for-planet-earth-how-close-are-we-to-the-edge_643,https://books.toscrape.com/catalogue/tipping-point-for-planet-earth-how-close-are-we-to-the-edge_643/index.html
GBP,True,53.74,1,Tipping the Velvet,tipping-the-velvet_999,https://books.toscrape.com/catalogue/tipping-the-velvet_999/index.html
GBP,True,25.55,1,Toddlers Are A**holes: It's Not Your Fault,toddlers-are-aholes-its-not-your-fault_503,https://books.toscrape.com/catalogue/toddlers-are-aholes-its-not-your-fault_503/index.html
GBP,True,41.60,3,Tracing Numbers on a Train,tracing-numbers-on-a-train_869,https://books.toscrape.com/catalogue/tracing-numbers-on-a-train_869/index.html
GBP,True,57.82,5,Travels with Charley: In Search of America,travels-with-charley-in-search-of-america_90,https://books.toscrape.com/catalogue/travels-with-charley-in-search-of-america_90/index.html
GBP,True,53.51,1,"Trespassing Across America: One Man's Epic, Never-Done-Before (and Sort of Illegal) Hike Across the Heartland",trespassing-across-america-one-mans-epic-never-done-before-and-sort-of-illegal-hike-across-the-heartland_291,https://books.toscrape.com/catalogue/trespassing-across-america-one-mans-epic-never-done-before-and-sort-of-illegal-hike-across-the-heartland_291/index.html
GBP,True,48.39,2,Troublemaker: Surviving Hollywood and Scientology,troublemaker-surviving-hollywood-and-scientology_610,https://books.toscrape.com/catalogue/troublemaker-surviving-hollywood-and-scientology_610/index.html
GBP,True,16.28,1,Tsubasa: WoRLD CHRoNiCLE 2 (Tsubasa WoRLD CHRoNiCLE #2),tsubasa-world-chronicle-2-tsubasa-world-chronicle-2_949,https://books.toscrape.com/catalogue/tsubasa-world-chronicle-2-tsubasa-world-chronicle-2_949/index.html
GBP,True,21.04,2,Tuesday Nights in 1980,tuesday-nights-in-1980_870,https://books.toscrape.com/catalogue/tuesday-nights-in-1980_870/index.html
GBP,True,42.80,2,Twenties Girl,twenties-girl_292,https://books.toscrape.com/catalogue/twenties-girl_292/index.html
GBP,True,30.95,4,Twenty Love Poems and a Song of Despair,twenty-love-poems-and-a-song-of-despair_91,https://books.toscrape.com/catalogue/twenty-love-poems-and-a-song-of-despair_91/index.html
GBP,True,22.08,2,Twenty Yawns,twenty-yawns_773,https://books.toscrape.com/catalogue/twenty-yawns_773/index.html
GBP,True,41.93,2,Twilight (Twilight #1),twilight-twilight-1_293,https://books.toscrape.com/catalogue/twilight-twilight-1_293/index.html
GBP,True,32.74,2,Two Boys Kissing,two-boys-kissing_294,https://books.toscrape.com/catalogue/two-boys-kissing_294/index.html
GBP,True,14.64,1,Two Summers,two-summers_415,https://books.toscrape.com/catalogue/two-summers_415/index.html
GBP,True,25.52,1,"Unbound: How Eight Technologies Made Us Human, Transformed Society, and Brought Our World to the Brink",unbound-how-eight-technologies-made-us-human-transformed-society-and-brought-our-world-to-the-brink_950,https://books.toscrape.com/catalogue/unbound-how-eight-technologies-made-us-human-transformed-society-and-brought-our-world-to-the-brink_950/index.html
GBP,True,45.95,2,"Unbroken: A World War II Story of Survival, Resilience, and Redemption",unbroken-a-world-war-ii-story-of-survival-resilience-and-redemption_774,https://books.toscrape.com/catalogue/unbroken-a-world-war-ii-story-of-survival-resilience-and-redemption_774/index.html
GBP,True,30.00,1,Under the Banner of Heaven: A Story of Violent Faith,under-the-banner-of-heaven-a-story-of-violent-faith_295,https://books.toscrape.com/catalogue/under-the-banner-of-heaven-a-story-of-violent-faith_295/index.html
GBP,True,37.33,3,Under the Tuscan Sun,under-the-tuscan-sun_504,https://books.toscrape.com/catalogue/under-the-tuscan-sun_504/index.html
GBP,True,11.82,2,Underlying Notes,underlying-notes_577,https://books.toscrape.com/catalogue/underlying-notes_577/index.html
GBP,True,18.78,3,Unicorn Tracks,unicorn-tracks_951,https://books.toscrape.com/catalogue/unicorn-tracks_951/index.html
GBP,True,58.87,4,Unlimited Intuition Now,unlimited-intuition-now_578,https://books.toscrape.com/catalogue/unlimited-intuition-now_578/index.html
GBP,True,54.00,5,(Un)Qualified: How God Uses Broken People to Do Big Things,unqualified-how-god-uses-broken-people-to-do-big-things_873,https://books.toscrape.com/catalogue/unqualified-how-god-uses-broken-people-to-do-big-things_873/index.html
GBP,True,46.33,2,Unreasonable Hope: Finding Faith in the God Who Brings Purpose to Your Pain,unreasonable-hope-finding-faith-in-the-god-who-brings-purpose-to-your-pain_505,https://books.toscrape.com/catalogue/unreasonable-hope-finding-faith-in-the-god-who-brings-purpose-to-your-pain_505/index.html
GBP,True,44.18,4,"Unseen City: The Majesty of Pigeons, the Discreet Charm of Snails & Other Wonders of the Urban Wilderness",unseen-city-the-majesty-of-pigeons-the-discreet-charm-of-snails-other-wonders-of-the-urban-wilderness_952,https://books.toscrape.com/catalogue/unseen-city-the-majesty-of-pigeons-the-discreet-charm-of-snails-other-wonders-of-the-urban-wilderness_952/index.html
GBP,True,58.09,1,"Unstuffed: Decluttering Your Home, Mind, and Soul",unstuffed-decluttering-your-home-mind-and-soul_296,https://books.toscrape.com/catalogue/unstuffed-decluttering-your-home-mind-and-soul_296/index.html
GBP,True,46.31,2,Until Friday Night (The Field Party #1),until-friday-night-the-field-party-1_775,https://books.toscrape.com/catalogue/until-friday-night-the-field-party-1_775/index.html
GBP,True,14.27,4,Untitled Collection: Sabbath Poems 2014,untitled-collection-sabbath-poems-2014_953,https://books.toscrape.com/catalogue/untitled-collection-sabbath-poems-2014_953/index.html
GBP,True,37.10,4,V for Vendetta (V for Vendetta Complete),v-for-vendetta-v-for-vendetta-complete_776,https://books.toscrape.com/catalogue/v-for-vendetta-v-for-vendetta-complete_776/index.html
GBP,True,36.94,2,Vagabonding: An Uncommon Guide to the Art of Long-Term World Travel,vagabonding-an-uncommon-guide-to-the-art-of-long-term-world-travel_552,https://books.toscrape.com/catalogue/vagabonding-an-uncommon-guide-to-the-art-of-long-term-world-travel_552/index.html
GBP,True,53.82,2,Vampire Girl (Vampire Girl #1),vampire-girl-vampire-girl-1_92,https://books.toscrape.com/catalogue/vampire-girl-vampire-girl-1_92/index.html
GBP,True,15.40,1,"Vampire Knight, Vol. 1 (Vampire Knight #1)",vampire-knight-vol-1-vampire-knight-1_93,https://books.toscrape.com/catalogue/vampire-knight-vol-1-vampire-knight-1_93/index.html
GBP,True,13.66,2,Vegan Vegetarian Omnivore: Dinner for Everyone at the Table,vegan-vegetarian-omnivore-dinner-for-everyone-at-the-table_297,https://books.toscrape.com/catalogue/vegan-vegetarian-omnivore-dinner-for-everyone-at-the-table_297/index.html
GBP,True,50.66,3,Very Good Lives: The Fringe Benefits of Failure and the Importance of Imagination,very-good-lives-the-fringe-benefits-of-failure-and-the-importance-of-imagination_298,https://books.toscrape.com/catalogue/very-good-lives-the-fringe-benefits-of-failure-and-the-importance-of-imagination_298/index.html
GBP,True,52.35,4,Vogue Colors A to Z: A Fashion Coloring Book,vogue-colors-a-to-z-a-fashion-coloring-book_355,https://books.toscrape.com/catalogue/vogue-colors-a-to-z-a-fashion-coloring-book_355/index.html
GBP,True,21.07,5,Voyager (Outlander #3),voyager-outlander-3_299,https://books.toscrape.com/catalogue/voyager-outlander-3_299/index.html
GBP,True,32.36,3,Walk the Edge (Thunder Road #2),walk-the-edge-thunder-road-2_300,https://books.toscrape.com/catalogue/walk-the-edge-thunder-road-2_300/index.html
GBP,True,44.18,4,Wall and Piece,wall-and-piece_971,https://books.toscrape.com/catalogue/wall-and-piece_971/index.html
GBP,True,12.96,5,Walt Disney's Alice in Wonderland,walt-disneys-alice-in-wonderland_777,https://books.toscrape.com/catalogue/walt-disneys-alice-in-wonderland_777/index.html
GBP,True,58.05,4,Watchmen,watchmen_579,https://books.toscrape.com/catalogue/watchmen_579/index.html
GBP,True,39.51,5,Ways of Seeing,ways-of-seeing_94,https://books.toscrape.com/catalogue/ways-of-seeing_94/index.html
GBP,True,24.04,1,We Are All Completely Beside Ourselves,we-are-all-completely-beside-ourselves_301,https://books.toscrape.com/catalogue/we-are-all-completely-beside-ourselves_301/index.html
GBP,True,53.90,1,"We Are Robin, Vol. 1: The Vigilante Business (We Are Robin #1)",we-are-robin-vol-1-the-vigilante-business-we-are-robin-1_778,https://books.toscrape.com/catalogue/we-are-robin-vol-1-the-vigilante-business-we-are-robin-1_778/index.html
GBP,True,50.27,5,"We Love You, Charlie Freeman",we-love-you-charlie-freeman_954,https://books.toscrape.com/catalogue/we-love-you-charlie-freeman_954/index.html
GBP,True,31.95,3,We the People: The Modern-Day Figures Who Have Reshaped and Affirmed the Founding Fathers' Vision of America,we-the-people-the-modern-day-figures-who-have-reshaped-and-affirmed-the-founding-fathers-vision-of-america_302,https://books.toscrape.com/catalogue/we-the-people-the-modern-day-figures-who-have-reshaped-and-affirmed-the-founding-fathers-vision-of-america_302/index.html
GBP,True,25.37,5,What Happened on Beale Street (Secrets of the South Mysteries #2),what-happened-on-beale-street-secrets-of-the-south-mysteries-2_506,https://books.toscrape.com/catalogue/what-happened-on-beale-street-secrets-of-the-south-mysteries-2_506/index.html
GBP,True,53.68,4,What If?: Serious Scientific Answers to Absurd Hypothetical Questions,what-if-serious-scientific-answers-to-absurd-hypothetical-questions_416,https://books.toscrape.com/catalogue/what-if-serious-scientific-answers-to-absurd-hypothetical-questions_416/index.html
GBP,True,19.60,2,What's It Like in Space?: Stories from Astronauts Who've Been There,whats-it-like-in-space-stories-from-astronauts-whove-been-there_779,https://books.toscrape.com/catalogue/whats-it-like-in-space-stories-from-astronauts-whove-been-there_779/index.html
GBP,True,39.36,2,When Breath Becomes Air,when-breath-becomes-air_553,https://books.toscrape.com/catalogue/when-breath-becomes-air_553/index.html
GBP,True,51.96,3,When I'm Gone,when-im-gone_95,https://books.toscrape.com/catalogue/when-im-gone_95/index.html
GBP,True,31.77,1,When We Collided,when-we-collided_955,https://books.toscrape.com/catalogue/when-we-collided_955/index.html
GBP,True,30.89,5,When You Are Engulfed in Flames,when-you-are-engulfed-in-flames_303,https://books.toscrape.com/catalogue/when-you-are-engulfed-in-flames_303/index.html
GBP,True,39.77,3,Where Lightning Strikes (Bleeding Stars #3),where-lightning-strikes-bleeding-stars-3_96,https://books.toscrape.com/catalogue/where-lightning-strikes-bleeding-stars-3_96/index.html
GBP,True,41.73,4,Where She Went (If I Stay #2),where-she-went-if-i-stay-2_417,https://books.toscrape.com/catalogue/where-she-went-if-i-stay-2_417/index.html
GBP,True,18.13,1,"Where'd You Go, Bernadette",whered-you-go-bernadette_304,https://books.toscrape.com/catalogue/whered-you-go-bernadette_304/index.html
GBP,True,41.32,5,While You Were Mine,while-you-were-mine_97,https://books.toscrape.com/catalogue/while-you-were-mine_97/index.html
GBP,True,38.20,4,Whole Lotta Creativity Going On: 60 Fun and Unusual Exercises to Awaken and Strengthen Your Creativity,whole-lotta-creativity-going-on-60-fun-and-unusual-exercises-to-awaken-and-strengthen-your-creativity_780,https://books.toscrape.com/catalogue/whole-lotta-creativity-going-on-60-fun-and-unusual-exercises-to-awaken-and-strengthen-your-creativity_780/index.html
GBP,True,17.76,1,Why Not Me?,why-not-me_554,https://books.toscrape.com/catalogue/why-not-me_554/index.html
GBP,True,48.67,2,Why Save the Bankers?: And Other Essays on Our Economic and Political Crisis,why-save-the-bankers-and-other-essays-on-our-economic-and-political-crisis_418,https://books.toscrape.com/catalogue/why-save-the-bankers-and-other-essays-on-our-economic-and-political-crisis_418/index.html
GBP,True,52.65,4,Why the Right Went Wrong: Conservatism--From Goldwater to the Tea Party and Beyond,why-the-right-went-wrong-conservatism-from-goldwater-to-the-tea-party-and-beyond_781,https://books.toscrape.com/catalogue/why-the-right-went-wrong-conservatism-from-goldwater-to-the-tea-party-and-beyond_781/index.html
GBP,True,46.02,3,Wild: From Lost to Found on the Pacific Crest Trail,wild-from-lost-to-found-on-the-pacific-crest-trail_305,https://books.toscrape.com/catalogue/wild-from-lost-to-found-on-the-pacific-crest-trail_305/index.html
GBP,True,14.36,2,Wild Swans,wild-swans_782,https://books.toscrape.com/catalogue/wild-swans_782/index.html
GBP,True,22.14,2,Wildlife of New York: A Five-Borough Coloring Book,wildlife-of-new-york-a-five-borough-coloring-book_507,https://books.toscrape.com/catalogue/wildlife-of-new-york-a-five-borough-coloring-book_507/index.html
GBP,True,47.31,4,"Will Grayson, Will Grayson (Will Grayson, Will Grayson)",will-grayson-will-grayson-will-grayson-will-grayson_419,https://books.toscrape.com/catalogue/will-grayson-will-grayson-will-grayson-will-grayson_419/index.html
GBP,True,13.86,3,Will You Won't You Want Me?,will-you-wont-you-want-me_644,https://books.toscrape.com/catalogue/will-you-wont-you-want-me_644/index.html
GBP,True,43.30,4,"William Shakespeare's Star Wars: Verily, A New Hope (William Shakespeare's Star Wars #4)",william-shakespeares-star-wars-verily-a-new-hope-william-shakespeares-star-wars-4_871,https://books.toscrape.com/catalogue/william-shakespeares-star-wars-verily-a-new-hope-william-shakespeares-star-wars-4_871/index.html
GBP,True,45.07,2,Without Borders (Wanderlove #1),without-borders-wanderlove-1_956,https://books.toscrape.com/catalogue/without-borders-wanderlove-1_956/index.html
GBP,True,48.27,5,Without Shame,without-shame_580,https://books.toscrape.com/catalogue/without-shame_580/index.html
GBP,True,37.34,4,"Wonder Woman: Earth One, Volume One (Wonder Woman: Earth One #1)",wonder-woman-earth-one-volume-one-wonder-woman-earth-one-1_783,https://books.toscrape.com/catalogue/wonder-woman-earth-one-volume-one-wonder-woman-earth-one-1_783/index.html
GBP,True,21.80,1,World War Z: An Oral History of the Zombie War,world-war-z-an-oral-history-of-the-zombie-war_306,https://books.toscrape.com/catalogue/world-war-z-an-oral-history-of-the-zombie-war_306/index.html
GBP,True,32.97,4,World Without End (The Pillars of the Earth #2),world-without-end-the-pillars-of-the-earth-2_420,https://books.toscrape.com/catalogue/world-without-end-the-pillars-of-the-earth-2_420/index.html
GBP,True,40.30,5,Worlds Elsewhere: Journeys Around Shakespeare’s Globe,worlds-elsewhere-journeys-around-shakespeares-globe_972,https://books.toscrape.com/catalogue/worlds-elsewhere-journeys-around-shakespeares-globe_972/index.html
GBP,True,17.73,3,Wuthering Heights,wuthering-heights_307,https://books.toscrape.com/catalogue/wuthering-heights_307/index.html
GBP,True,18.51,4,"Y: The Last Man, Vol. 1: Unmanned (Y: The Last Man #1)",y-the-last-man-vol-1-unmanned-y-the-last-man-1_98,https://books.toscrape.com/catalogue/y-the-last-man-vol-1-unmanned-y-the-last-man-1_98/index.html
GBP,True,12.08,3,You Are a Badass: How to Stop Doubting Your Greatness and Start Living an Awesome Life,you-are-a-badass-how-to-stop-doubting-your-greatness-and-start-living-an-awesome-life_508,https://books.toscrape.com/catalogue/you-are-a-badass-how-to-stop-doubting-your-greatness-and-start-living-an-awesome-life_508/index.html
GBP,True,21.87,4,You Are What You Love: The Spiritual Power of Habit,you-are-what-you-love-the-spiritual-power-of-habit_872,https://books.toscrape.com/catalogue/you-are-what-you-love-the-spiritual-power-of-habit_872/index.html
GBP,True,33.63,2,You can't bury them all: Poems,you-cant-bury-them-all-poems_961,https://books.toscrape.com/catalogue/you-cant-bury-them-all-poems_961/index.html
GBP,True,43.61,5,You (You #1),you-you-1_784,https://books.toscrape.com/catalogue/you-you-1_784/index.html
GBP,True,24.70,3,Zealot: The Life and Times of Jesus of Nazareth,zealot-the-life-and-times-of-jesus-of-nazareth_785,https://books.toscrape.com/catalogue/zealot-the-life-and-times-of-jesus-of-nazareth_785/index.html
GBP,True,34.77,1,Zero History (Blue Ant #3),zero-history-blue-ant-3_308,https://books.toscrape.com/catalogue/zero-history-blue-ant-3_308/index.html
GBP,True,34.06,3,"Zero to One: Notes on Startups, or How to Build the Future",zero-to-one-notes-on-startups-or-how-to-build-the-future_555,https://books.toscrape.com/catalogue/zero-to-one-notes-on-startups-or-how-to-build-the-future_555/index.html
